Time (s),Joy Line,Joy KeyPoint,Fear Line,Fear KeyPoint,Relaxation Line,Relaxation KeyPoint,Boredom Line,Boredom KeyPoint,Presence Line,Presence KeyPoint, Annotation
0,1.19081,,1.627433,,2.155272,,4.844325,,4.637567,,
1,1.19081,,1.627433,,2.155272,,4.844325,,4.637567,,
2,1.19081,,1.627433,,2.155272,,4.844325,,4.637567,,
3,1.19081,,1.627433,,2.155272,,4.844325,,4.637567,,
4,1.19081,,1.627433,,2.155272,,4.844325,,4.637567,,
5,1.19081,,1.627433,,2.155272,,4.844325,,4.637567,,
6,1.19081,,1.627433,,2.155272,,4.844325,,4.637567,,
7,1.19081,,1.627433,,2.155272,,4.844325,,4.637567,,
8,1.19081,,1.627433,,2.155272,,4.844325,,4.637567,,
9,1.19081,,1.627433,,2.155272,,4.844325,,4.637567,,
10,1.19081,,1.627433,,2.155272,,4.844325,,4.637567,,
11,1.19081,,1.627433,,2.155272,,4.844325,,4.637567,,
12,1.19081,,1.627433,,2.155272,,4.844325,,4.637567,,
13,1.19081,,1.627433,,2.155272,,4.844325,,4.637567,,
14,1.19081,,1.627433,,2.155272,,4.844325,,4.637567,,
15,1.19081,,1.627433,,2.155272,,4.844325,,4.637567,,
16,1.19081,,1.627433,,2.155272,,4.844325,,4.637567,,
17,1.19081,,1.627433,,2.155272,,4.844325,,4.637567,,
18,1.19081,,1.627433,,2.155272,,4.844325,,4.637567,,
19,1.19081,,1.627433,,2.155272,,4.844325,,4.637567,,
20,1.19081,,1.627433,,2.155272,,4.844325,,4.637567,,
21,1.19081,,1.627433,,2.155272,,4.844325,,4.637567,,
22,1.19081,,1.627433,,2.155272,,4.844325,,4.637567,,
23,1.19081,,1.627433,,2.155272,,4.844325,,4.637567,,
24,1.19081,,1.627433,,2.155272,,4.844325,,4.637567,,
25,1.19081,,1.627433,,2.155272,,4.844325,,4.637567,,
26,1.19081,,1.627433,,2.155272,,4.844325,,4.640296,,
27,1.19081,,1.627433,,2.155272,,4.844325,,4.644935,,
28,1.19081,,1.627433,,2.155272,,4.844325,,4.649572,,
29,1.183344,,1.627433,,2.155272,,4.844325,,4.65421,,
30,1.175615,,1.627433,,2.155272,,4.844325,,4.658848,,
31,1.175615,,1.627433,,2.155272,,4.844325,,4.658848,,
32,1.161407,,1.627896,,2.155272,,4.844325,,4.668308,,
33,1.161407,,1.642167,,2.155272,,4.844325,,4.678614,,
34,1.224265,,1.656437,,2.155272,,4.844325,,4.68892,,
35,1.270643,,1.670707,,2.155272,,4.844325,,4.699227,,
36,1.317022,,1.684978,,2.155272,,4.844325,,4.709533,,
37,1.3634,,1.699248,,2.155272,,4.844325,,4.709533,,
38,1.3634,,1.713518,,2.155272,,4.844325,,4.730074,,
39,1.456156,,1.727788,,2.155272,,4.844325,,4.739838,,
40,1.456156,,1.727788,,2.155272,,4.844325,,4.749602,,
41,1.456156,,1.763832,,2.155272,,4.844325,,4.759366,,
42,1.464459,,1.792819,,2.155272,,4.844325,,4.76913,,
43,1.464459,,1.821805,,2.155272,,4.844325,,4.778894,,
44,1.471624,,1.850792,,2.155272,,4.844325,,4.788658,,
45,1.471624,,1.850792,,2.155272,,4.844325,,4.798421,,
46,1.534487,,1.909036,,2.170798,,4.844325,,4.808186,,
47,1.569271,,1.939045,,2.187663,,4.844325,,4.817949,,
48,1.569271,,1.969055,,2.204528,,4.840373,,4.827713,,
49,1.622448,,1.999064,,2.221393,,4.827122,,4.837477,,
50,1.631723,,2.029074,,2.238258,,4.813871,,4.837477,,
51,1.631723,,2.059083,,2.255123,,4.80062,,4.858955,,
52,1.631723,,2.089093,,2.255123,,4.80062,,4.871603,,
53,1.679155,,2.119102,,2.288852,,4.783515,,4.884252,,
54,1.713938,,2.149112,,2.305717,,4.783515,,4.896901,,
55,1.713938,,2.179121,,2.322582,,4.783515,,4.909549,,
56,1.784502,,2.179121,,2.339446,,4.783515,,4.922198,,
57,1.821605,,2.237926,,2.356311,,4.785408,,4.922198,,
58,1.821605,,2.257802,,2.373176,,4.787849,,4.946303,,
59,1.893684,,2.277678,,2.373176,,4.79029,,4.956386,,
60,1.893684,,2.297554,,2.401591,,4.792731,,4.966468,,
61,1.931695,,2.317431,,2.407775,,4.795172,,4.97655,,
62,1.944946,,2.337307,,2.413958,,4.797613,,4.986632,,
63,1.958197,,2.357183,,2.420142,,4.800054,,4.996714,,
64,1.958197,,2.377059,,2.426326,,4.802495,,5.006796,,
65,1.985746,,2.396936,,2.432509,,4.804935,,5.016878,,
66,2.003138,,2.416812,,2.438693,,4.807376,,5.02696,,
67,2.02053,,2.436688,,2.444877,,4.809817,,5.037043,,
68,2.037922,,2.456565,,2.45106,,4.809817,,5.047124,,
69,2.037922,,2.476441,,2.45106,,4.818853,,5.057207,,
70,2.07266,,2.476441,,2.468117,,4.834313,,5.067289,,
71,2.084254,,2.515132,,2.481369,,4.849772,,5.077371,,
72,2.084254,,2.531997,,2.49462,,4.865232,,5.077371,,
73,2.110633,,2.548862,,2.49462,,4.880691,,5.098863,,
74,2.13051,,2.565727,,2.521287,,4.896151,,5.112391,,
75,2.150387,,2.582591,,2.536747,,4.91161,,5.125917,,
76,2.170263,,2.599456,,2.552206,,4.92707,,5.139444,,
77,2.170263,,2.599456,,2.567665,,4.942529,,5.152971,,
78,2.210017,,2.633482,,2.583124,,4.957988,,5.166499,,
79,2.229894,,2.652455,,2.598584,,4.973448,,5.180026,,
80,2.249771,,2.671428,,2.614043,,4.973448,,5.193552,,
81,2.249771,,2.690401,,2.629503,,5.007281,,5.20708,,
82,2.291813,,2.709373,,2.644962,,5.028362,,5.220607,,
83,2.291813,,2.728346,,2.644962,,5.049443,,5.234134,,
84,2.35365,,2.747319,,2.674641,,5.070525,,5.247661,,
85,2.384568,,2.766291,,2.684948,,5.091606,,5.261188,,
86,2.415486,,2.785264,,2.695254,,5.112687,,5.274715,,
87,2.415486,,2.804237,,2.70556,,5.112687,,5.288242,,
88,2.478509,,2.82321,,2.715867,,5.156425,,5.288242,,
89,2.513292,,2.842182,,2.715867,,5.182639,,5.316152,,
90,2.548075,,2.861155,,2.736918,,5.208852,,5.330993,,
91,2.582859,,2.880128,,2.748512,,5.235066,,5.345834,,
92,2.582859,,2.880128,,2.760107,,5.26128,,5.360675,,
93,2.652186,,2.922612,,2.771701,,5.287493,,5.375516,,
94,2.683105,,2.947909,,2.783295,,5.313707,,5.390357,,
95,2.714024,,2.973207,,2.79489,,5.339921,,5.405198,,
96,2.744942,,2.998504,,2.806484,,5.366134,,5.420039,,
97,2.775861,,3.023802,,2.818079,,5.392348,,5.43488,,
98,2.775861,,3.049099,,2.829673,,5.418561,,5.449721,,
99,2.83645,,3.074397,,2.841268,,5.444775,,5.464562,,
100,2.85964,,3.099694,,2.852862,,5.470989,,5.479403,,
101,2.85964,,3.124992,,2.864457,,5.497202,,5.494244,,
102,2.912272,,3.150289,,2.864457,,5.497202,,5.509085,,
103,2.947056,,3.175587,,2.886176,,5.548728,,5.523926,,
104,2.981839,,3.200884,,2.891329,,5.57099,,5.523926,,
105,3.016623,,3.226182,,2.896482,,5.593251,,5.55478,,
106,3.016623,,3.226182,,2.901636,,5.615513,,5.574104,,
107,3.089603,,3.278888,,2.906789,,5.637774,,5.593428,,
108,3.089603,,3.311352,,2.911942,,5.660036,,5.612752,,
109,3.179827,,3.343817,,2.917095,,5.682298,,5.632076,,
110,3.218474,,3.376282,,2.922249,,5.704559,,5.651401,,
111,3.257121,,3.408747,,2.927402,,5.726821,,5.670724,,
112,3.257121,,3.441212,,2.932555,,5.749083,,5.670724,,
113,3.334416,,3.441212,,2.937708,,5.771344,,5.707173,,
114,3.373065,,3.500848,,2.937708,,5.793605,,5.720915,,
115,3.411715,,3.526145,,2.947614,,5.815867,,5.734656,,
116,3.411715,,3.551442,,2.951831,,5.838129,,5.748398,,
117,3.479759,,3.576739,,2.956047,,5.86039,,5.76214,,
118,3.49831,,3.602036,,2.960263,,5.882652,,5.775882,,
119,3.49831,,3.627333,,2.964479,,5.882652,,5.789623,,
120,3.535414,,3.652631,,2.968695,,5.919621,,5.803365,,
121,3.553965,,3.677928,,2.968695,,5.932872,,5.817107,,
122,3.572517,,3.703225,,2.976694,,5.946124,,5.830849,,
123,3.591068,,3.728522,,2.978902,,5.959374,,5.84459,,
124,3.60962,,3.753819,,2.981111,,5.972625,,5.858332,,
125,3.628171,,3.779116,,2.983319,,5.985876,,5.872074,,
126,3.628171,,3.804414,,2.985528,,5.999127,,5.885816,,
127,3.671812,,3.804414,,2.987736,,6.012378,,5.899557,,
128,3.700798,,3.853958,,2.989945,,6.012378,,5.913299,,
129,3.729784,,3.875926,,2.992153,,6.039552,,5.927041,,
130,3.75877,,3.897895,,2.994361,,6.053823,,5.927041,,
131,3.75877,,3.919864,,2.99657,,6.068093,,5.951181,,
132,3.814529,,3.941833,,2.998778,,6.082363,,5.9601,,
133,3.83772,,3.963801,,3.000987,,6.096633,,5.969019,,
134,3.83772,,3.98577,,3.003195,,6.110903,,5.977938,,
135,3.907578,,4.007739,,3.003195,,6.125174,,5.986857,,
136,3.961686,,4.029707,,3.007716,,6.139444,,5.995776,,
137,4.015793,,4.051676,,3.010157,,6.153714,,6.004694,,
138,4.015793,,4.073645,,3.012599,,6.167984,,6.013613,,
139,4.140605,,4.095613,,3.015039,,6.182255,,6.022532,,
140,4.21481,,4.095613,,3.01748,,6.196525,,6.031451,,
141,4.21481,,4.133958,,3.019921,,6.210795,,6.04037,,
142,4.39032,,4.149418,,3.022362,,6.225066,,6.049289,,
143,4.39032,,4.164877,,3.024803,,6.239336,,6.058208,,
144,4.39032,,4.180336,,3.027244,,6.253606,,6.067126,,
145,4.667458,,4.195796,,3.029685,,6.253606,,6.076045,,
146,4.706107,,4.195796,,3.032126,,6.278293,,6.084964,,
147,4.744755,,4.230615,,3.034567,,6.286289,,6.084964,,
148,4.744755,,4.250143,,3.034567,,6.294285,,6.103957,,
149,4.814254,,4.26967,,3.041629,,6.302281,,6.11466,,
150,4.814254,,4.289198,,3.046267,,6.310277,,6.125362,,
151,4.846803,,4.308725,,3.050905,,6.318274,,6.136065,,
152,4.866679,,4.328253,,3.055543,,6.32627,,6.146769,,
153,4.886555,,4.347781,,3.060181,,6.334266,,6.157471,,
154,4.906431,,4.367308,,3.060181,,6.342263,,6.168174,,
155,4.906431,,4.386836,,3.068499,,6.350259,,6.168174,,
156,4.94515,,4.406363,,3.07094,,6.358255,,6.189402,,
157,4.963703,,4.425891,,3.07338,,6.366251,,6.198678,,
158,4.963703,,4.425891,,3.075821,,6.374248,,6.207953,,
159,4.999254,,4.470213,,3.078262,,6.382244,,6.217229,,
160,4.999254,,4.500223,,3.080703,,6.39024,,6.226504,,
161,5.034313,,4.530232,,3.083144,,6.398236,,6.23578,,
162,5.057501,,4.560243,,3.085585,,6.406232,,6.245056,,
163,5.057501,,4.590252,,3.088026,,6.414229,,6.254332,,
164,5.110936,,4.620262,,3.090467,,6.414229,,6.263607,,
165,5.110936,,4.650272,,3.092908,,6.412613,,6.272883,,
166,5.187404,,4.680282,,3.095348,,6.391364,,6.282158,,
167,5.187404,,4.710291,,3.095348,,6.370114,,6.291434,,
168,5.187404,,4.740301,,3.094402,,6.348865,,6.30071,,
169,5.356943,,4.740301,,3.090893,,6.327615,,6.309986,,
170,5.356943,,4.800646,,3.087384,,6.306366,,6.319262,,
171,5.4497,,4.831565,,3.083875,,6.285117,,6.328537,,
172,5.4497,,4.862484,,3.080366,,6.263867,,6.328537,,
173,5.5421,,4.893403,,3.076857,,6.242618,,6.311196,,
174,5.583991,,4.924322,,3.073348,,6.221368,,6.271633,,
175,5.62588,,4.924322,,3.069839,,6.200119,,6.23207,,
176,5.66777,,4.998275,,3.06633,,6.178869,,6.192507,,
177,5.70966,,5.0557,,3.062821,,6.15762,,6.152944,,
178,5.75155,,5.113126,,3.059312,,6.136371,,6.113381,,
179,5.79344,,5.170552,,3.055803,,6.115121,,6.073819,,
180,5.83533,,5.227978,,3.052294,,6.093872,,6.034256,,
181,5.87722,,5.285404,,3.048785,,6.072622,,5.994693,,
182,5.919109,,5.34283,,3.045276,,6.051373,,5.95513,,
183,5.960999,,5.400255,,3.041767,,6.030123,,5.915567,,
184,6.002889,,5.457681,,3.038258,,6.008874,,5.876004,,
185,6.044779,,5.515107,,3.034749,,5.987625,,5.836441,,
186,6.086669,,5.572533,,3.03124,,5.966375,,5.796878,,
187,6.128559,,5.629959,,3.027731,,5.945126,,5.757316,,
188,6.170449,,5.687385,,3.024222,,5.923876,,5.717752,,
189,6.212339,,5.74481,,3.020713,,5.902627,,5.67819,,
190,6.254229,,5.802236,,3.017204,,5.881377,,5.638627,,
191,6.296118,,5.859662,,3.013695,,5.860128,,5.599064,,
192,6.338008,,5.917088,,3.010186,,5.838879,,5.559501,,
193,6.338008,6.390137,5.917088,5.975405,3.010186,3.006622,5.838879,5.817299,5.559501,5.519324,road !!!!!!!!
194,6.386718,,5.992152,,3.012847,,5.874469,,5.567388,,
195,6.382193,,6.009162,,3.019169,,5.93254,,5.616209,,
196,6.377668,,6.026173,,3.025491,,5.990611,,5.66503,,
197,6.373144,,6.043184,,3.031814,,6.048682,,5.713851,,
198,6.368619,,6.060194,,3.038136,,6.106752,,5.762672,,
199,6.364094,,6.077205,,3.044459,,6.164824,,5.811493,,
200,6.35957,,6.094216,,3.050781,,6.222894,,5.860314,,
201,6.355045,,6.111227,,3.057104,,6.280965,,5.909136,,
202,6.35052,,6.128238,,3.063426,,6.339036,,5.957957,,
203,6.345995,,6.145248,,3.069748,,6.397107,,6.006778,,
204,6.34147,,6.162259,,3.076071,,6.455178,,6.055599,,
205,6.336946,,6.17927,,3.082393,,6.513248,,6.10442,,
206,6.332421,,6.196281,,3.088716,,6.57132,,6.153241,,
207,6.327896,,6.213292,,3.095038,,6.62939,,6.202062,,
208,6.323371,,6.230302,,3.101361,,6.687461,,6.250884,,
209,6.318847,,6.247313,,3.107683,,6.745532,,6.299705,,
210,6.314322,,6.264324,,3.114005,,6.803603,,6.348526,,
211,6.309797,,6.281335,,3.120328,,6.861674,,6.397347,,
212,6.305272,,6.298346,,3.12665,,6.861674,,6.446168,,
213,6.300747,,6.315356,,3.132973,,6.973521,,6.446168,,
214,6.296223,,6.332367,,3.139295,,6.982796,,6.521032,,
215,6.291698,,6.349378,,3.145617,,6.992072,,6.517167,,
216,6.287173,,6.366389,,3.15194,,7.001347,,6.513302,,
217,6.282649,,6.383399,,3.158262,,7.010623,,6.509438,,
218,6.278124,,6.40041,,3.164585,,7.019898,,6.505573,,
219,6.273599,,6.417421,,3.170907,,7.029173,,6.501708,,
220,6.273599,,6.434432,,3.17723,,7.038448,,6.497843,,
221,6.273599,,6.451442,,3.183552,,7.047724,,6.497843,,
222,6.27725,,6.468453,,3.189875,,7.047724,,6.491049,,
223,6.27725,,6.468453,,3.196197,,7.06595,,6.488841,,
224,6.310018,,6.503397,,3.202519,,7.073946,,6.486632,,
225,6.32857,,6.521948,,3.208842,,7.081943,,6.484424,,
226,6.32857,,6.521948,,3.208842,,7.089939,,6.482215,,
227,6.359731,,6.557565,,3.220335,,7.097935,,6.480007,,
228,6.359731,,6.571479,,3.223063,,7.105931,,6.477798,,
229,6.363831,,6.585392,,3.225791,,7.113928,,6.475589,,
230,6.375425,,6.599306,,3.228519,,7.121924,,6.473381,,
231,6.38702,,6.61322,,3.231247,,7.12992,,6.471172,,
232,6.398614,,6.627133,,3.233975,,7.137917,,6.468964,,
233,6.398614,,6.627133,,3.236703,,7.145913,,6.466755,,
234,6.421803,,6.644325,,3.239431,,7.153909,,6.464547,,
235,6.433397,,6.644325,,3.242159,,7.161905,,6.464547,,
236,6.444992,,6.644325,,3.244887,,7.169901,,6.458528,,
237,6.456585,,6.644325,,3.244887,,7.177897,,6.454312,,
238,6.46818,,6.644325,,3.249865,,7.185894,,6.450096,,
239,6.46818,,6.644325,,3.249865,,7.19389,,6.44588,,
240,6.494708,,6.644325,,3.249865,,7.201887,,6.441664,,
241,6.494708,,6.644325,,3.249865,,7.201887,,6.437448,,
242,6.523645,,6.636002,,3.249865,,7.217292,,6.433232,,
243,6.536896,,6.626726,,3.249865,,7.222857,,6.429016,,
244,6.550146,,6.626726,,3.252255,,7.228423,,6.424799,,
245,6.550146,,6.604344,,3.260951,,7.233988,,6.420583,,
246,6.579708,,6.588885,,3.269647,,7.239554,,6.416368,,
247,6.602897,,6.573425,,3.278343,,7.245119,,6.412151,,
248,6.626086,,6.557966,,3.287039,,7.250685,,6.407935,,
249,6.626086,,6.542506,,3.295735,,7.25625,,6.407935,,
250,6.669571,,6.542506,,3.304431,,7.261816,,6.39834,,
251,6.669571,,6.50603,,3.313128,,7.267381,,6.391016,,
252,6.699593,,6.482842,,3.321824,,7.272947,,6.383694,,
253,6.712843,,6.459654,,3.330519,,7.278512,,6.376371,,
254,6.726094,,6.436466,,3.330519,,7.284078,,6.369048,,
255,6.739345,,6.436466,,3.349652,,7.289643,,6.361725,,
256,6.739345,,6.390089,,3.360565,,7.295208,,6.354402,,
257,6.769236,,6.366899,,3.371477,,7.300774,,6.347079,,
258,6.786627,,6.366899,,3.38239,,7.300774,,6.339756,,
259,6.804019,,6.320519,,3.393302,,7.309986,,6.332433,,
260,6.821411,,6.29733,,3.404214,,7.313299,,6.32511,,
261,6.821411,,6.274141,,3.415127,,7.316611,,6.317787,,
262,6.851539,,6.250952,,3.426039,,7.319924,,6.317787,,
263,6.860815,,6.227763,,3.436951,,7.323236,,6.305607,,
264,6.860815,,6.227763,,3.447864,,7.326549,,6.300969,,
265,6.88211,,6.180761,,3.447864,,7.329862,,6.296331,,
266,6.900661,,6.155463,,3.469301,,7.333175,,6.291694,,
267,6.919211,,6.130166,,3.479607,,7.333175,,6.287056,,
268,6.937762,,6.104868,,3.489914,,7.338871,,6.287056,,
269,6.956313,,6.079571,,3.50022,,7.340803,,6.275727,,
270,6.974864,,6.054273,,3.510526,,7.342735,,6.265421,,
271,6.974864,,6.054273,,3.510526,,7.344667,,6.255115,,
272,7.011108,,6.001901,,3.533045,,7.3466,,6.244809,,
273,7.028501,,5.955524,,3.545928,,7.348532,,6.234502,,
274,7.045893,,5.909148,,3.558811,,7.350465,,6.224196,,
275,7.063285,,5.909148,,3.571693,,7.352397,,6.21389,,
276,7.063285,,5.820549,,3.584576,,7.35433,,6.203584,,
277,7.095199,,5.779324,,3.597459,,7.356262,,6.193278,,
278,7.106792,,5.738099,,3.610342,,7.358194,,6.182971,,
279,7.106792,,5.696874,,3.623224,,7.360127,,6.172665,,
280,7.129981,,5.655649,,3.636107,,7.362059,,6.172665,,
281,7.141576,,5.655649,,3.64899,,7.363992,,6.148649,,
282,7.153171,,5.581133,,3.661873,,7.365924,,6.132279,,
283,7.164766,,5.548667,,3.661873,,7.365924,,6.115911,,
284,7.164766,,5.516201,,3.690784,,7.367974,,6.099542,,
285,7.18597,,5.483736,,3.707016,,7.367974,,6.083172,,
286,7.194402,,5.45127,,3.723249,,7.367974,,6.066803,,
287,7.202835,,5.45127,,3.739481,,7.367974,,6.050434,,
288,7.211267,,5.388426,,3.755714,,7.367974,,6.034065,,
289,7.219698,,5.361926,,3.771946,,7.367974,,6.017696,,
290,7.22813,,5.335424,,3.788179,,7.367974,,6.001327,,
291,7.22813,,5.308923,,3.804411,,7.367974,,6.001327,,
292,7.241484,,5.308923,,3.820644,,7.367974,,5.966822,,
293,7.241484,,5.256837,,3.836876,,7.367974,,5.946209,,
294,7.241484,,5.231539,,3.853109,,7.367974,,5.925597,,
295,7.241484,,5.206242,,3.869341,,7.367974,,5.904984,,
296,7.245555,,5.180944,,3.869341,,7.367974,,5.884372,,
297,7.253988,,5.155647,,3.903724,,7.367974,,5.884372,,
298,7.262421,,5.13035,,3.922275,,7.367974,,5.843929,,
299,7.270854,,5.13035,,3.940826,,7.367974,,5.824832,,
300,7.279286,,5.078365,,3.959377,,7.367974,,5.805736,,
301,7.287719,,5.050539,,3.977928,,7.367974,,5.786639,,
302,7.287719,,5.022712,,3.977928,,7.367974,,5.767542,,
303,7.303556,,4.994885,,4.015031,,7.367974,,5.748446,,
304,7.308194,,4.967058,,4.033582,,7.367974,,5.729349,,
305,7.312832,,4.939231,,4.052134,,7.367974,,5.710252,,
306,7.317471,,4.939231,,4.070684,,7.367974,,5.691156,,
307,7.322109,,4.87667,,4.089236,,7.365781,,5.672059,,
308,7.326746,,4.87667,,4.107787,,7.363573,,5.672059,,
309,7.326746,,4.807965,,4.126338,,7.361364,,5.635214,,
310,7.340998,,4.775499,,4.14489,,7.359156,,5.619755,,
311,7.340998,,4.743033,,4.163441,,7.356947,,5.604296,,
312,7.36344,,4.710567,,4.181993,,7.354739,,5.588836,,
313,7.367007,,4.678102,,4.200544,,7.35253,,5.573377,,
314,7.370574,,4.645636,,4.219095,,7.350322,,5.557918,,
315,7.374142,,4.645636,,4.219095,,7.348113,,5.542459,,
316,7.377709,,4.581965,,4.256057,,7.345905,,5.526999,,
317,7.381276,,4.551046,,4.273725,,7.343696,,5.51154,,
318,7.384844,,4.520128,,4.291393,,7.341488,,5.51154,,
319,7.388411,,4.489209,,4.309061,,7.341488,,5.480621,,
320,7.388411,,4.458291,,4.326729,,7.336618,,5.465162,,
321,7.397579,,4.427372,,4.344397,,7.332401,,5.449702,,
322,7.404715,,4.396453,,4.362064,,7.328185,,5.434243,,
323,7.41185,,4.396453,,4.379733,,7.323969,,5.418783,,
324,7.418985,,4.338802,,4.3974,,7.319753,,5.418783,,
325,7.426121,,4.312301,,4.415068,,7.315536,,5.388479,,
326,7.433257,,4.285799,,4.432736,,7.31132,,5.373986,,
327,7.440392,,4.285799,,4.450404,,7.307104,,5.359493,,
328,7.440392,,4.231716,,4.468072,,7.302887,,5.344999,,
329,7.454764,,4.202202,,4.468072,,7.298671,,5.330506,,
330,7.464039,,4.172688,,4.503754,,7.294455,,5.316013,,
331,7.473313,,4.143174,,4.522305,,7.290239,,5.301519,,
332,7.473313,,4.11366,,4.540856,,7.286023,,5.287026,,
333,7.488297,,4.084146,,4.559407,,7.281806,,5.272532,,
334,7.492935,,4.084146,,4.577958,,7.281806,,5.272532,,
335,7.497574,,4.024912,,4.596509,,7.273374,,5.243729,,
336,7.502212,,3.993995,,4.596509,,7.269158,,5.230478,,
337,7.506851,,3.963078,,4.63841,,7.264942,,5.217227,,
338,7.506851,,3.932161,,4.662703,,7.260725,,5.203976,,
339,7.517117,,3.901244,,4.686996,,7.256509,,5.203976,,
340,7.526392,,3.901244,,4.71129,,7.252293,,5.178398,,
341,7.535667,,3.84213,,4.735583,,7.252293,,5.166803,,
342,7.544942,,3.822253,,4.759877,,7.245161,,5.155209,,
343,7.554217,,3.802375,,4.78417,,7.243144,,5.143614,,
344,7.563492,,3.782497,,4.808464,,7.241127,,5.13202,,
345,7.563492,,3.782497,,4.832757,,7.239111,,5.120425,,
346,7.5803,,3.746428,,4.85705,,7.237095,,5.108831,,
347,7.586926,,3.732159,,4.881344,,7.235078,,5.097237,,
348,7.593553,,3.717889,,4.905637,,7.233062,,5.085642,,
349,7.593553,,3.703619,,4.905637,,7.231046,,5.085642,,
350,7.607082,,3.689349,,4.954525,,7.229029,,5.062651,,
351,7.617785,,3.675079,,4.983235,,7.227013,,5.053955,,
352,7.628487,,3.66081,,5.011946,,7.224996,,5.045259,,
353,7.639189,,3.66081,,5.040656,,7.22298,,5.036563,,
354,7.649891,,3.631921,,5.069366,,7.220963,,5.027867,,
355,7.660594,,3.615055,,5.098077,,7.218947,,5.019171,,
356,7.671296,,3.59819,,5.126787,,7.218947,,5.010475,,
357,7.681998,,3.581325,,5.155498,,7.214759,,5.001779,,
358,7.681998,,3.56446,,5.184208,,7.21244,,4.993083,,
359,7.711364,,3.547595,,5.212919,,7.210122,,4.984387,,
360,7.736661,,3.53073,,5.241629,,7.207803,,4.984387,,
361,7.761958,,3.53073,,5.270339,,7.205484,,4.96487,,
362,7.787255,,3.495443,,5.29905,,7.203165,,4.952503,,
363,7.812552,,3.476891,,5.29905,,7.200846,,4.940136,,
364,7.837849,,3.476891,,5.354811,,7.198527,,4.927769,,
365,7.837849,,3.433805,,5.377999,,7.196208,,4.915401,,
366,7.886192,,3.405978,,5.401188,,7.19389,,4.903034,,
367,7.904743,,3.378151,,5.424376,,7.191571,,4.890666,,
368,7.904743,,3.350324,,5.447565,,7.189252,,4.878299,,
369,7.941752,,3.322498,,5.470754,,7.189252,,4.865932,,
370,7.958618,,3.322498,,5.470754,,7.185543,,4.865932,,
371,7.975483,,3.267258,,5.514879,,7.185543,,4.841773,,
372,7.992349,,3.244069,,5.535044,,7.185543,,4.830178,,
373,8.009214,,3.220879,,5.555209,,7.185543,,4.818584,,
374,8.02608,,3.19769,,5.575373,,7.185543,,4.806989,,
375,8.042945,,3.174501,,5.595538,,7.185543,,4.806989,,
376,8.042945,,3.151311,,5.615703,,7.185543,,4.780902,,
377,8.073114,,3.128122,,5.635867,,7.185543,,4.76351,,
378,8.085762,,3.128122,,5.656032,,7.183295,,4.746118,,
379,8.09841,,3.081744,,5.676197,,7.179079,,4.728726,,
380,8.111057,,3.058555,,5.696361,,7.174862,,4.711334,,
381,8.123705,,3.035366,,5.716526,,7.170646,,4.693942,,
382,8.136353,,3.035366,,5.736691,,7.16643,,4.67655,,
383,8.136353,,2.989597,,5.756855,,7.162213,,4.659158,,
384,8.159514,,2.968515,,5.77702,,7.157997,,4.641766,,
385,8.168792,,2.947434,,5.77702,,7.15378,,4.641766,,
386,8.168792,,2.926352,,5.819363,,7.149564,,4.606832,,
387,8.192281,,2.905271,,5.842552,,7.145348,,4.574723,,
388,8.21547,,2.884189,,5.865741,,7.141132,,4.542615,,
389,8.23866,,2.884189,,5.88893,,7.136915,,4.510507,,
390,8.261848,,2.842062,,5.912119,,7.132699,,4.478398,,
391,8.261848,,2.82145,,5.935308,,7.132699,,4.44629,,
392,8.307862,,2.800838,,5.958498,,7.124498,,4.414182,,
393,8.327739,,2.780226,,5.981687,,7.12239,,4.382074,,
394,8.347614,,2.759613,,6.004876,,7.120282,,4.382074,,
395,8.367491,,2.759613,,6.028065,,7.118174,,4.314668,,
396,8.367491,,2.72039,,6.051254,,7.116066,,4.276019,,
397,8.396891,,2.711116,,6.074443,,7.113958,,4.23737,,
398,8.396891,,2.701841,,6.074443,,7.11185,,4.23737,,
399,8.396891,,2.701841,,6.12199,,7.109742,,4.165673,,
400,8.402843,,2.685671,,6.147287,,7.107634,,4.137133,,
401,8.40947,,2.679046,,6.172585,,7.105526,,4.108593,,
402,8.416097,,2.67242,,6.197883,,7.103418,,4.080053,,
403,8.416097,,2.665794,,6.22318,,7.10131,,4.051513,,
404,8.429349,,2.659168,,6.248478,,7.099202,,4.022973,,
405,8.435974,,2.652542,,6.248478,,7.097094,,3.994433,,
406,8.442599,,2.645916,,6.300242,,7.097094,,3.994433,,
407,8.449224,,2.63929,,6.328953,,7.094326,,3.937353,,
408,8.449224,,2.63929,,6.357663,,7.094326,,3.908811,,
409,8.457704,,2.625244,,6.386373,,7.094326,,3.88027,,
410,8.457704,,2.617514,,6.415083,,7.094326,,3.851729,,
411,8.458609,,2.609785,,6.443793,,7.094326,,3.823188,,
412,8.467884,,2.602055,,6.472504,,7.094326,,3.794646,,
413,8.47716,,2.594326,,6.501214,,7.094326,,3.766105,,
414,8.47716,,2.586596,,6.529924,,7.093276,,3.737564,,
415,8.488107,,2.578866,,6.558634,,7.091067,,3.737564,,
416,8.488107,,2.578866,,6.587345,,7.088859,,3.680846,,
417,8.488107,,2.563407,,6.616055,,7.08665,,3.653021,,
418,8.488107,,2.555678,,6.644765,,7.084442,,3.653021,,
419,8.515506,,2.547948,,6.644765,,7.082233,,3.594164,,
420,8.515506,,2.547948,,6.703471,,7.080025,,3.552422,,
421,8.515506,,2.531843,,6.734416,,7.077816,,3.510681,,
422,8.515506,,2.523411,,6.765361,,7.075608,,3.46894,,
423,8.616612,,2.514978,,6.796307,,7.0734,,3.427198,,
424,8.616612,,2.506546,,6.827252,,7.071191,,3.385457,,
425,8.654038,,2.498113,,6.858197,,7.068983,,3.385457,,
426,8.668142,,2.489681,,6.889143,,7.066774,,3.306067,,
427,8.682246,,2.489681,,6.920088,,7.066774,,3.270392,,
428,8.69635,,2.457826,,6.951034,,7.033434,,3.234716,,
429,8.710454,,2.428217,,6.981979,,6.990366,,3.199041,,
430,8.724558,,2.398608,,7.012924,,6.947299,,3.163366,,
431,8.738662,,2.368999,,7.043869,,6.904232,,3.12769,,
432,8.752766,,2.339391,,7.074815,,6.861165,,3.092015,,
433,8.76687,,2.309782,,7.10576,,6.818097,,3.092015,,
434,8.780973,,2.280173,,7.136706,,6.77503,,3.015716,,
435,8.795077,,2.250564,,7.167651,,6.731963,,2.947457,,
436,8.809181,,2.220955,,7.198596,,6.688895,,2.879198,,
437,8.823285,,2.191347,,7.229542,,6.645828,,2.810939,,
438,8.837389,,2.161738,,7.260487,,6.602761,,2.742679,,
439,8.851493,,2.132129,,7.291432,,6.559693,,2.67442,,
440,8.865597,,2.10252,,7.322378,,6.516626,,2.606161,,
441,8.879701,,2.072911,,7.353323,,6.473558,,2.537902,,
442,8.893805,,2.043303,,7.384269,,6.430491,,2.469643,,
443,8.907908,,2.013694,,7.415214,,6.387424,,2.401384,,
444,8.922012,,1.984085,,7.446159,,6.344357,,2.333125,,
445,8.936117,,1.954476,,7.477105,,6.30129,,2.264865,,
446,8.950221,,1.924867,,7.50805,,6.258222,,2.196606,,
447,8.964325,,1.895258,,7.538996,,6.215155,,2.128347,,
448,8.978429,,1.86565,,7.569941,,6.172087,,2.060088,,
449,8.978429,,1.86565,,7.569941,,6.172087,,2.060088,,
450,9.001531,9.005001,1.812073,1.809866,7.62963,7.628243,6.098107,6.090947,1.931825,1.931486,road !!!!!!!!
451,8.971601,,1.831112,,7.641588,,6.159848,,1.934752,,
452,8.941669,,1.850151,,7.653546,,6.221589,,1.937678,,
453,8.911739,,1.869189,,7.665505,,6.28333,,1.940605,,
454,8.881808,,1.888228,,7.677463,,6.345071,,1.943532,,
455,8.851878,,1.907266,,7.689421,,6.406812,,1.946459,,
456,8.821947,,1.926305,,7.70138,,6.468553,,1.949385,,
457,8.792017,,1.945344,,7.713338,,6.530294,,1.952312,,
458,8.762086,,1.964382,,7.725296,,6.592035,,1.955239,,
459,8.732156,,1.983421,,7.737255,,6.653776,,1.958166,,
460,8.702225,,2.00246,,7.749213,,6.715518,,1.961092,,
461,8.672295,,2.021498,,7.761171,,6.777258,,1.964019,,
462,8.642364,,2.040537,,7.773129,,6.838999,,1.966946,,
463,8.612433,,2.059575,,7.785088,,6.90074,,1.969872,,
464,8.582502,,2.078614,,7.797046,,6.962481,,1.972799,,
465,8.552572,,2.097652,,7.809005,,7.024222,,1.975726,,
466,8.522641,,2.116691,,7.820963,,7.024222,,1.978653,,
467,8.492711,,2.13573,,7.832921,,7.124731,,1.981579,,
468,8.46278,,2.154768,,7.84488,,7.124731,,1.984506,,
469,8.43285,,2.173807,,7.856838,,7.124731,,1.987433,,
470,8.402919,,2.192845,,7.868796,,7.124731,,1.99036,,
471,8.402919,,2.211884,,7.880754,,7.124731,,1.993286,,
472,8.342284,,2.230923,,7.892713,,7.124731,,1.996213,,
473,8.311366,,2.230923,,7.904671,,7.124731,,1.99914,,
474,8.280447,,2.265947,,7.916629,,7.124731,,2.002066,,
475,8.280447,,2.265947,,7.928588,,7.124731,,2.004993,,
476,8.218609,,2.265947,,7.940546,,7.124731,,2.00792,,
477,8.218609,,2.265947,,7.952505,,7.124731,,2.010847,,
478,8.148975,,2.267565,,7.964463,,7.124731,,2.013773,,
479,8.109223,,2.2747,,7.976421,,7.124731,,2.0167,,
480,8.069471,,2.281835,,7.976421,,7.124731,,2.019627,,
481,8.069471,,2.28897,,8.004012,,7.127067,,2.019627,,
482,7.992104,,2.296105,,8.022048,,7.130932,,2.013902,,
483,7.959639,,2.303241,,8.040084,,7.134797,,2.004626,,
484,7.927174,,2.310375,,8.058121,,7.138661,,1.99535,,
485,7.894709,,2.317511,,8.076157,,7.142526,,1.986075,,
486,7.862243,,2.317511,,8.094193,,7.146391,,1.976799,,
487,7.829778,,2.33288,,8.112228,,7.150256,,1.967523,,
488,7.829778,,2.341576,,8.130264,,7.150256,,1.958248,,
489,7.768268,,2.350272,,8.1483,,7.155135,,1.948972,,
490,7.74044,,2.358968,,8.166337,,7.155135,,1.948972,,
491,7.74044,,2.367663,,8.184373,,7.155135,,1.930154,,
492,7.684786,,2.376359,,8.184373,,7.155135,,1.918559,,
493,7.656959,,2.385055,,8.222516,,7.155135,,1.906964,,
494,7.629132,,2.393751,,8.243128,,7.155135,,1.895369,,
495,7.601305,,2.402447,,8.263741,,7.155135,,1.883774,,
496,7.573478,,2.402447,,8.284352,,7.155135,,1.883774,,
497,7.545651,,2.420816,,8.304965,,7.155135,,1.867984,,
498,7.545651,,2.434067,,8.304965,,7.155135,,1.864892,,
499,7.488951,,2.447318,,8.340661,,7.155135,,1.8618,,
500,7.459965,,2.460569,,8.355154,,7.155135,,1.858709,,
501,7.430979,,2.460569,,8.369647,,7.155135,,1.855617,,
502,7.401993,,2.487848,,8.384141,,7.155135,,1.852525,,
503,7.401993,,2.502341,,8.398634,,7.154441,,1.849434,,
504,7.350893,,2.516834,,8.413127,,7.152233,,1.846342,,
505,7.332342,,2.531328,,8.427621,,7.150024,,1.846342,,
506,7.332342,,2.545821,,8.442114,,7.147816,,1.840172,,
507,7.293474,,2.560314,,8.456607,,7.145607,,1.837444,,
508,7.270285,,2.574807,,8.456607,,7.143399,,1.834716,,
509,7.247097,,2.5893,,8.482795,,7.141191,,1.831988,,
510,7.223908,,2.603794,,8.490524,,7.138982,,1.82926,,
511,7.200719,,2.603794,,8.498254,,7.136774,,1.826532,,
512,7.177531,,2.632469,,8.505983,,7.134565,,1.823804,,
513,7.177531,,2.644674,,8.513713,,7.132357,,1.821076,,
514,7.139347,,2.656878,,8.521442,,7.130148,,1.818348,,
515,7.126095,,2.669083,,8.529172,,7.12794,,1.81562,,
516,7.112844,,2.681288,,8.536901,,7.12794,,1.812892,,
517,7.099592,,2.693493,,8.54463,,7.124731,,1.812892,,
518,7.08634,,2.705698,,8.55236,,7.124731,,1.809867,,
519,7.073089,,2.717902,,8.560089,,7.124731,,1.809867,,
520,7.059837,,2.730107,,8.560089,,7.124731,,1.809867,,
521,7.046586,,2.742312,,8.573969,,7.124731,,1.809867,,
522,7.046586,,2.754517,,8.579123,,7.124731,,1.809867,,
523,7.010663,,2.766721,,8.584276,,7.124731,,1.809867,,
524,6.982836,,2.766721,,8.58943,,7.122434,,1.812458,,
525,6.982836,,2.79396,,8.594584,,7.120115,,1.820188,,
526,6.925007,,2.810329,,8.594584,,7.117795,,1.827917,,
527,6.891279,,2.826699,,8.603284,,7.115477,,1.835646,,
528,6.85755,,2.843067,,8.606183,,7.113158,,1.843376,,
529,6.823822,,2.859437,,8.609081,,7.110839,,1.851105,,
530,6.790093,,2.875805,,8.611979,,7.10852,,1.858835,,
531,6.756365,,2.892174,,8.614879,,7.106201,,1.866564,,
532,6.756365,,2.908543,,8.617777,,7.103882,,1.874294,,
533,6.687586,,2.924912,,8.620675,,7.101563,,1.882023,,
534,6.645423,,2.941282,,8.623574,,7.099245,,1.889753,,
535,6.603261,,2.941282,,8.626472,,7.096926,,1.889753,,
536,6.561098,,2.975185,,8.626472,,7.096926,,1.905587,,
537,6.518936,,2.993736,,8.632772,,7.090444,,1.914019,,
538,6.476773,,3.012287,,8.637926,,7.086027,,1.922452,,
539,6.43461,,3.030838,,8.643079,,7.08161,,1.930884,,
540,6.43461,,3.049389,,8.648232,,7.077193,,1.939317,,
541,6.365088,,3.06794,,8.653385,,7.072776,,1.947749,,
542,6.338586,,3.06794,,8.658538,,7.068359,,1.956182,,
543,6.312085,,3.11066,,8.663692,,7.063942,,1.964614,,
544,6.312085,,3.134953,,8.668844,,7.059525,,1.973046,,
545,6.259082,,3.159247,,8.673998,,7.055108,,1.981479,,
546,6.23258,,3.18354,,8.679151,,7.050691,,1.989911,,
547,6.206077,,3.207834,,8.684303,,7.046274,,1.998344,,
548,6.179575,,3.232127,,8.684303,,7.041857,,2.006776,,
549,6.153072,,3.256421,,8.69461,,7.041857,,2.006776,,
550,6.12657,,3.280714,,8.699763,,7.032998,,2.023735,,
551,6.100068,,3.305008,,8.704916,,7.028361,,2.03301,,
552,6.073565,,3.329301,,8.710069,,7.023723,,2.042285,,
553,6.073565,,3.353595,,8.715222,,7.019085,,2.051561,,
554,6.020833,,3.377888,,8.715222,,7.014448,,2.060836,,
555,5.99586,,3.377888,,8.724262,,7.00981,,2.070112,,
556,5.970888,,3.427529,,8.726991,,7.00981,,2.070112,,
557,5.945916,,3.45682,,8.729718,,7.000535,,2.089111,,
558,5.920943,,3.486112,,8.732447,,6.995897,,2.099193,,
559,5.895971,,3.515403,,8.735174,,6.991259,,2.109275,,
560,5.870999,,3.544694,,8.737903,,6.986621,,2.119358,,
561,5.846026,,3.573985,,8.74063,,6.981983,,2.12944,,
562,5.846026,,3.603276,,8.743359,,6.977345,,2.139523,,
563,5.792188,,3.632568,,8.746086,,6.972707,,2.149605,,
564,5.76127,,3.661859,,8.748815,,6.968069,,2.159688,,
565,5.730351,,3.69115,,8.748815,,6.963431,,2.16977,,
566,5.730351,,3.720441,,8.752369,,6.958793,,2.179852,,
567,5.674088,,3.749732,,8.75005,,6.954155,,2.189935,,
568,5.650898,,3.749732,,8.747731,,6.949518,,2.200017,,
569,5.627708,,3.802121,,8.745412,,6.949518,,2.210099,,
570,5.604519,,3.823202,,8.743093,,6.94034,,2.220182,,
571,5.581329,,3.844284,,8.740774,,6.935923,,2.220182,,
572,5.55814,,3.865365,,8.738456,,6.931506,,2.238305,,
573,5.53495,,3.886446,,8.736136,,6.927089,,2.244102,,
574,5.51176,,3.907527,,8.733818,,6.922672,,2.249899,,
575,5.488571,,3.907527,,8.731499,,6.918255,,2.255696,,
576,5.488571,,3.950834,,8.72918,,6.913838,,2.261493,,
577,5.439887,,3.974024,,8.726861,,6.909421,,2.26729,,
578,5.406761,,3.997213,,8.726861,,6.905005,,2.273087,,
579,5.373634,,4.020402,,8.721473,,6.900588,,2.278884,,
580,5.340507,,4.043591,,8.716319,,6.896171,,2.284681,,
581,5.30738,,4.066781,,8.711166,,6.891754,,2.290478,,
582,5.274253,,4.08997,,8.706014,,6.887337,,2.296276,,
583,5.241127,,4.113159,,8.70086,,6.887337,,2.302073,,
584,5.208,,4.136348,,8.70086,,6.878354,,2.30787,,
585,5.208,,4.159537,,8.688872,,6.873716,,2.313667,,
586,5.141452,,4.182726,,8.679109,,6.869079,,2.319464,,
587,5.102804,,4.205915,,8.669345,,6.864441,,2.319464,,
588,5.064156,,4.205915,,8.659581,,6.859803,,2.332493,,
589,5.064156,,4.255626,,8.649817,,6.859803,,2.340223,,
590,4.988896,,4.286545,,8.640053,,6.85029,,2.347953,,
591,4.967253,,4.317464,,8.630289,,6.843664,,2.355683,,
592,4.94561,,4.348383,,8.620524,,6.837039,,2.363412,,
593,4.923967,,4.379302,,8.610761,,6.830413,,2.371142,,
594,4.902324,,4.379302,,8.600997,,6.823788,,2.378872,,
595,4.880681,,4.437624,,8.591233,,6.817162,,2.378872,,
596,4.859037,,4.461917,,8.581469,,6.810537,,2.392438,,
597,4.837395,,4.48621,,8.581469,,6.803911,,2.398003,,
598,4.815752,,4.510504,,8.562786,,6.797286,,2.403569,,
599,4.815752,,4.534797,,8.553952,,6.79066,,2.409134,,
600,4.772466,,4.55909,,8.545118,,6.784035,,2.4147,,
601,4.750822,,4.583384,,8.536284,,6.777409,,2.420265,,
602,4.729179,,4.607677,,8.527451,,6.770783,,2.42583,,
603,4.707536,,4.63197,,8.518617,,6.770783,,2.431396,,
604,4.685893,,4.656264,,8.509783,,6.75831,,2.436961,,
605,4.664249,,4.680557,,8.500949,,6.753893,,2.442526,,
606,4.642606,,4.704851,,8.492115,,6.749476,,2.448092,,
607,4.620963,,4.729144,,8.483281,,6.745059,,2.453657,,
608,4.599319,,4.729144,,8.474447,,6.740642,,2.459222,,
609,4.599319,,4.778854,,8.465613,,6.736225,,2.464788,,
610,4.556831,,4.80462,,8.465613,,6.731808,,2.470353,,
611,4.536953,,4.830386,,8.448158,,6.727391,,2.470353,,
612,4.517076,,4.856151,,8.440836,,6.722974,,2.481484,,
613,4.497198,,4.881917,,8.433514,,6.718557,,2.487049,,
614,4.497198,,4.907682,,8.42619,,6.71414,,2.492615,,
615,4.456124,,4.933448,,8.418868,,6.709723,,2.49818,,
616,4.434719,,4.959213,,8.411546,,6.705306,,2.503746,,
617,4.413314,,4.984979,,8.404223,,6.705306,,2.509311,,
618,4.391909,,5.010745,,8.3969,,6.693631,,2.514877,,
619,4.370503,,5.03651,,8.389578,,6.684355,,2.520442,,
620,4.349099,,5.03651,,8.382256,,6.675079,,2.526007,,
621,4.327693,,5.08333,,8.374932,,6.665804,,2.531573,,
622,4.327693,,5.104199,,8.36761,,6.656528,,2.537138,,
623,4.285262,,5.12507,,8.36761,,6.656528,,2.542704,,
624,4.264972,,5.145939,,8.352205,,6.638181,,2.548269,,
625,4.244682,,5.16681,,8.343772,,6.635972,,2.553835,,
626,4.224392,,5.18768,,8.33534,,6.633764,,2.5594,,
627,4.204102,,5.208549,,8.326906,,6.631556,,2.5594,,
628,4.183811,,5.22942,,8.318474,,6.629347,,2.570369,,
629,4.163521,,5.250289,,8.31004,,6.627139,,2.574234,,
630,4.143231,,5.27116,,8.31004,,6.62493,,2.578099,,
631,4.122941,,5.292029,,8.296118,,6.622722,,2.581964,,
632,4.102651,,5.3129,,8.293909,,6.620513,,2.585829,,
633,4.102651,,5.3129,,8.291701,,6.618305,,2.589694,,
634,4.056787,,5.350039,,8.289493,,6.616096,,2.593559,,
635,4.030285,,5.365499,,8.287284,,6.613888,,2.593559,,
636,4.003783,,5.380959,,8.285075,,6.61168,,2.600867,,
637,4.003783,,5.396418,,8.282867,,6.61168,,2.602883,,
638,3.950779,,5.411878,,8.280659,,6.607262,,2.604899,,
639,3.924278,,5.411878,,8.27845,,6.605054,,2.606916,,
640,3.897776,,5.451437,,8.276241,,6.602845,,2.608932,,
641,3.871275,,5.47599,,8.274034,,6.600636,,2.610948,,
642,3.844773,,5.500543,,8.271825,,6.598428,,2.612965,,
643,3.818272,,5.525096,,8.269616,,6.59622,,2.614981,,
644,3.79177,,5.549649,,8.269616,,6.594011,,2.616997,,
645,3.765269,,5.574203,,8.263783,,6.591803,,2.619014,,
646,3.765269,,5.598755,,8.259567,,6.589594,,2.62103,,
647,3.713089,,5.623309,,8.255351,,6.587385,,2.623046,,
648,3.696525,,5.647862,,8.251135,,6.585177,,2.625062,,
649,3.67996,,5.672415,,8.246919,,6.582968,,2.627079,,
650,3.663396,,5.672415,,8.242702,,6.58076,,2.627079,,
651,3.646832,,5.724571,,8.242702,,6.58076,,2.631364,,
652,3.630268,,5.752913,,8.234361,,6.575524,,2.635075,,
653,3.613704,,5.781256,,8.230328,,6.57166,,2.638785,,
654,3.59714,,5.809597,,8.226295,,6.567795,,2.642495,,
655,3.580576,,5.83794,,8.222262,,6.56393,,2.646206,,
656,3.580576,,5.866282,,8.218229,,6.560065,,2.649916,,
657,3.551944,,5.894624,,8.214196,,6.556201,,2.653627,,
658,3.540349,,5.922966,,8.210164,,6.552336,,2.657337,,
659,3.528756,,5.951308,,8.206131,,6.552336,,2.661047,,
660,3.517162,,5.97965,,8.202098,,6.545707,,2.664758,,
661,3.517162,,5.97965,,8.198066,,6.543599,,2.668468,,
662,3.489853,,6.036324,,8.194033,,6.541491,,2.672179,,
663,3.472016,,6.062089,,8.19,,6.539383,,2.675889,,
664,3.454178,,6.087855,,8.185967,,6.537275,,2.6796,,
665,3.43634,,6.113621,,8.181934,,6.535167,,2.68331,,
666,3.418502,,6.139387,,8.181934,,6.533059,,2.68702,,
667,3.400665,,6.139387,,8.173793,,6.530951,,2.68702,,
668,3.382827,,6.191133,,8.169576,,6.528842,,2.691623,,
669,3.382827,,6.21896,,8.165359,,6.526734,,2.691623,,
670,3.347862,,6.246787,,8.161143,,6.524626,,2.691623,,
671,3.335214,,6.274614,,8.156926,,6.522518,,2.691623,,
672,3.322565,,6.302441,,8.15271,,6.520411,,2.691623,,
673,3.309916,,6.330268,,8.148494,,6.520411,,2.691623,,
674,3.297267,,6.358095,,8.144277,,6.516623,,2.691623,,
675,3.284618,,6.385921,,8.14006,,6.516623,,2.693832,,
676,3.271969,,6.413749,,8.135844,,6.516623,,2.697865,,
677,3.271969,,6.413749,,8.131628,,6.516623,,2.701898,,
678,3.251225,,6.46676,,8.127411,,6.516623,,2.705931,,
679,3.243496,,6.484796,,8.123195,,6.516623,,2.709964,,
680,3.235767,,6.502832,,8.118979,,6.516623,,2.713996,,
681,3.235767,,6.520868,,8.118979,,6.516623,,2.718029,,
682,3.217358,,6.538904,,8.110894,,6.516623,,2.722062,,
683,3.206655,,6.55694,,8.107029,,6.516623,,2.726095,,
684,3.195952,,6.574975,,8.103165,,6.516623,,2.730128,,
685,3.185249,,6.593011,,8.099299,,6.516623,,2.73416,,
686,3.174545,,6.611047,,8.095435,,6.516623,,2.738193,,
687,3.163842,,6.629083,,8.09157,,6.516623,,2.742226,,
688,3.153139,,6.647119,,8.087706,,6.516623,,2.746259,,
689,3.153139,,6.647119,,8.08384,,6.516623,,2.746259,,
690,3.128051,,6.682889,,8.079976,,6.516623,,2.75352,,
691,3.1095,,6.70028,,8.076111,,6.516623,,2.755839,,
692,3.090949,,6.717672,,8.072247,,6.516623,,2.758158,,
693,3.072399,,6.735064,,8.068381,,6.516623,,2.760477,,
694,3.053848,,6.735064,,8.064517,,6.516623,,2.762796,,
695,3.035297,,6.769147,,8.060652,,6.516623,,2.765115,,
696,3.035297,,6.783417,,8.060652,,6.516623,,2.767433,,
697,2.989725,,6.797688,,8.052723,,6.516623,,2.769752,,
698,2.961898,,6.811958,,8.048086,,6.516623,,2.772071,,
699,2.961898,,6.826228,,8.043448,,6.518379,,2.77439,,
700,2.89446,,6.840498,,8.038811,,6.520234,,2.776709,,
701,2.848083,,6.854768,,8.034173,,6.522089,,2.779027,,
702,2.801705,,6.869039,,8.029536,,6.523944,,2.779027,,
703,2.801705,,6.869039,,8.029536,,6.525799,,2.782836,,
704,2.70956,,6.903836,,8.022159,,6.527654,,2.782836,,
705,2.676431,,6.927025,,8.020226,,6.529509,,2.782836,,
706,2.643302,,6.950214,,8.018294,,6.531364,,2.782836,,
707,2.610174,,6.950214,,8.016361,,6.533219,,2.782836,,
708,2.610174,,6.991504,,8.014429,,6.535075,,2.782836,,
709,2.543161,,7.008068,,8.012496,,6.53693,,2.782836,,
710,2.508378,,7.024632,,8.010564,,6.538785,,2.784606,,
711,2.508378,,7.041196,,8.008632,,6.54064,,2.786814,,
712,2.450637,,7.05776,,8.006699,,6.542495,,2.789023,,
713,2.430025,,7.074324,,8.004766,,6.54435,,2.791232,,
714,2.409413,,7.090888,,8.002834,,6.54435,,2.79344,,
715,2.3888,,7.107452,,8.000901,,6.549179,,2.795649,,
716,2.368188,,7.107452,,7.998969,,6.553044,,2.797857,,
717,2.368188,,7.144487,,7.997036,,6.556909,,2.800066,,
718,2.327652,,7.167676,,7.995104,,6.560774,,2.802274,,
719,2.307775,,7.190866,,7.995104,,6.564639,,2.804483,,
720,2.287899,,7.214055,,7.990865,,6.568503,,2.806691,,
721,2.287899,,7.237244,,7.988546,,6.572368,,2.8089,,
722,2.251002,,7.260433,,7.986228,,6.576233,,2.8089,,
723,2.239406,,7.283622,,7.983909,,6.580098,,2.813243,,
724,2.239406,,7.283622,,7.98159,,6.583963,,2.813243,,
725,2.204487,,7.335586,,7.979271,,6.587828,,2.813243,,
726,2.176663,,7.366505,,7.976953,,6.591693,,2.813243,,
727,2.176663,,7.397424,,7.974634,,6.595558,,2.813243,,
728,2.125136,,7.428342,,7.972315,,6.599422,,2.813243,,
729,2.106583,,7.459261,,7.969996,,6.603288,,2.813243,,
730,2.106583,,7.459261,,7.967678,,6.603288,,2.813243,,
731,2.069994,,7.514742,,7.965359,,6.60784,,2.813243,,
732,2.069994,,7.514742,,7.965359,,6.60784,,2.813243,,
733,2.038195,,7.559961,,7.962705,,6.60784,,2.813243,,
734,2.018318,,7.577353,,7.962705,,6.60784,,2.813243,,
735,1.998441,,7.594745,,7.962705,,6.60784,,2.813243,,
736,1.978564,,7.612137,,7.962705,,6.60784,,2.813243,,
737,1.978564,,7.629529,,7.962705,,6.60784,,2.813243,,
738,1.945283,,7.629529,,7.962705,,6.60784,,2.813243,,
739,1.936007,,7.656561,,7.962705,,6.591922,,2.813243,,
740,1.926732,,7.665837,,7.955662,,6.575256,,2.813829,,
741,1.917456,,7.675113,,7.944722,,6.558589,,2.814741,,
742,1.90818,,7.684389,,7.933782,,6.541923,,2.815653,,
743,1.90818,,7.693665,,7.922842,,6.525257,,2.816565,,
744,1.890136,,7.693665,,7.911902,,6.508591,,2.817476,,
745,1.890136,,7.713141,,7.900962,,6.491924,,2.818388,,
746,1.890136,,7.724735,,7.890022,,6.475258,,2.819299,,
747,1.890136,,7.724735,,7.879082,,6.458591,,2.820211,,
748,1.886135,,7.741699,,7.868142,,6.441926,,2.821123,,
749,1.880982,,7.745278,,7.857203,,6.425259,,2.822034,,
750,1.875829,,7.748857,,7.846262,,6.408593,,2.822946,,
751,1.870676,,7.752437,,7.835322,,6.391926,,2.823858,,
752,1.865524,,7.756016,,7.824382,,6.37526,,2.824769,,
753,1.865524,,7.759595,,7.813442,,6.358594,,2.825681,,
754,1.818921,,7.763175,,7.802503,,6.341928,,2.826593,,
755,1.772345,,7.766754,,7.791563,,6.325262,,2.827504,,
756,1.725768,,7.770333,,7.780622,,6.308595,,2.828416,,
757,1.679191,,7.773912,,7.769682,,6.291929,,2.829328,,
758,1.632615,,7.777492,,7.758742,,6.275262,,2.830239,,
759,1.586038,,7.781071,,7.747803,,6.258596,,2.831151,,
760,1.539461,,7.78465,,7.736863,,6.24193,,2.832062,,
761,1.492885,,7.788229,,7.725923,,6.225264,,2.832974,,
762,1.446308,,7.791809,,7.714983,,6.208597,,2.833886,,
763,1.399732,,7.795388,,7.704042,,6.191931,,2.834797,,
764,1.353155,,7.798967,,7.693103,,6.175265,,2.835709,,
765,1.306578,,7.802547,,7.682163,,6.158598,,2.836621,,
766,1.260002,,7.806126,,7.671223,,6.141932,,2.837533,,
767,1.213425,,7.809705,,7.660283,,6.125266,,2.838444,,
768,1.166848,,7.813284,,7.649343,,6.1086,,2.839356,,
769,1.120272,,7.816864,,7.638403,,6.091933,,2.840267,,
770,1.073695,,7.820443,,7.627463,,6.075267,,2.841179,,
771,1.027118,,7.824022,,7.616523,,6.058601,,2.842091,,
772,1.027118,,7.824022,,7.616523,,6.058601,,2.842091,,
773,0.9629835,0.9475707,7.829123,7.830135,7.598897,7.597838,6.034639,6.030136,2.845578,2.843648,road !!!!!!!!
774,1.015747,,7.825655,,7.602526,,6.05006,,2.852186,,
775,1.06851,,7.822188,,7.606154,,6.065481,,2.858794,,
776,1.121273,,7.818721,,7.609783,,6.080902,,2.865403,,
777,1.174036,,7.815253,,7.613411,,6.096323,,2.872011,,
778,1.226799,,7.811786,,7.61704,,6.111743,,2.878619,,
779,1.279562,,7.808319,,7.620668,,6.127164,,2.885228,,
780,1.332325,,7.804852,,7.624297,,6.142585,,2.891836,,
781,1.385087,,7.801384,,7.627925,,6.158006,,2.898444,,
782,1.437851,,7.797917,,7.631554,,6.173426,,2.905053,,
783,1.490614,,7.79445,,7.635182,,6.188847,,2.911661,,
784,1.543377,,7.790982,,7.638811,,6.204268,,2.918269,,
785,1.59614,,7.787515,,7.642439,,6.219688,,2.924878,,
786,1.648903,,7.784048,,7.646068,,6.235109,,2.931486,,
787,1.701666,,7.780581,,7.649696,,6.25053,,2.938094,,
788,1.754429,,7.777113,,7.653325,,6.265951,,2.944703,,
789,1.807191,,7.773646,,7.656953,,6.281372,,2.951311,,
790,1.859954,,7.770178,,7.660582,,6.296793,,2.957919,,
791,1.859954,,7.766711,,7.66421,,6.312213,,2.964528,,
792,1.925807,,7.763244,,7.667838,,6.327634,,2.971136,,
793,1.931991,,7.759777,,7.671467,,6.343055,,2.977744,,
794,1.938175,,7.75631,,7.675095,,6.358476,,2.984353,,
795,1.944359,,7.752842,,7.678724,,6.373897,,2.990961,,
796,1.950543,,7.749375,,7.682352,,6.389317,,2.997569,,
797,1.956727,,7.745907,,7.685981,,6.404738,,3.004178,,
798,1.962911,,7.74244,,7.689609,,6.420159,,3.010786,,
799,1.969095,,7.74244,,7.693237,,6.435579,,3.017394,,
800,1.969095,,7.734768,,7.696866,,6.451,,3.024003,,
801,1.98149,,7.730553,,7.700494,,6.466421,,3.030611,,
802,1.98922,,7.726337,,7.704123,,6.481842,,3.037219,,
803,1.996949,,7.722121,,7.707751,,6.497262,,3.043828,,
804,1.996949,,7.717905,,7.71138,,6.512683,,3.043828,,
805,2.012082,,7.713689,,7.715008,,6.528104,,3.056767,,
806,2.015947,,7.713689,,7.715008,,6.528104,,3.060079,,
807,2.019812,,7.694178,,7.715478,,6.547028,,3.063392,,
808,2.023678,,7.675625,,7.710325,,6.547028,,3.066704,,
809,2.027543,,7.675625,,7.705172,,6.547028,,3.070017,,
810,2.031409,,7.63495,,7.700018,,6.547028,,3.073329,,
811,2.035274,,7.609184,,7.694865,,6.547028,,3.076642,,
812,2.035274,,7.583418,,7.689712,,6.547028,,3.079954,,
813,2.043284,,7.557653,,7.684558,,6.547028,,3.083266,,
814,2.048437,,7.531888,,7.679405,,6.545788,,3.083266,,
815,2.05359,,7.531888,,7.674252,,6.54358,,3.086891,,
816,2.058742,,7.470858,,7.669098,,6.541371,,3.086891,,
817,2.063895,,7.429118,,7.663945,,6.539163,,3.086891,,
818,2.063895,,7.387378,,7.663945,,6.536954,,3.086891,,
819,2.072569,,7.345638,,7.654354,,6.534746,,3.089897,,
820,2.072569,,7.303898,,7.649937,,6.532537,,3.092989,,
821,2.072569,,7.303898,,7.64552,,6.530329,,3.096081,,
822,2.072569,,7.220749,,7.641103,,6.528121,,3.099173,,
823,2.073935,,7.187622,,7.636686,,6.525912,,3.102265,,
824,2.077503,,7.154493,,7.632269,,6.523704,,3.105357,,
825,2.08107,,7.121365,,7.627852,,6.521495,,3.108449,,
826,2.084637,,7.121365,,7.623435,,6.519287,,3.111541,,
827,2.088205,,7.05089,,7.619019,,6.519287,,3.111541,,
828,2.091772,,7.008377,,7.614602,,6.51487,,3.11687,,
829,2.095339,,6.965863,,7.610185,,6.512661,,3.113778,,
830,2.098907,,6.923349,,7.605768,,6.510453,,3.110687,,
831,2.098907,,6.880836,,7.605768,,6.508244,,3.107594,,
832,2.112947,,6.838323,,7.595729,,6.506036,,3.104503,,
833,2.124542,,6.795809,,7.585423,,6.503827,,3.101411,,
834,2.136136,,6.795809,,7.575117,,6.501619,,3.098319,,
835,2.147731,,6.711233,,7.564811,,6.49941,,3.095227,,
836,2.159326,,6.669493,,7.554505,,6.497201,,3.092135,,
837,2.17092,,6.627753,,7.554505,,6.494993,,3.092135,,
838,2.182515,,6.586013,,7.533109,,6.492785,,3.086891,,
839,2.182515,,6.544274,,7.520226,,6.490576,,3.086891,,
840,2.201865,,6.544274,,7.507343,,6.490576,,3.086891,,
841,2.209594,,6.460916,,7.49446,,6.486082,,3.086891,,
842,2.209594,,6.423813,,7.481577,,6.480928,,3.086891,,
843,2.225513,,6.38671,,7.468694,,6.475775,,3.089103,,
844,2.240973,,6.38671,,7.455811,,6.470622,,3.092195,,
845,2.256433,,6.317132,,7.442928,,6.465469,,3.095287,,
846,2.271892,,6.286213,,7.430045,,6.465469,,3.098379,,
847,2.287352,,6.255293,,7.417162,,6.455256,,3.101471,,
848,2.302812,,6.224374,,7.404279,,6.450839,,3.104563,,
849,2.318272,,6.193455,,7.404279,,6.446422,,3.107655,,
850,2.318272,,6.162536,,7.377626,,6.442005,,3.110746,,
851,2.349404,,6.131616,,7.36298,,6.437588,,3.113838,,
852,2.365968,,6.131616,,7.348334,,6.433171,,3.113838,,
853,2.382532,,6.06873,,7.333688,,6.428754,,3.119852,,
854,2.399096,,6.036623,,7.319042,,6.424337,,3.122751,,
855,2.41566,,6.004516,,7.304396,,6.41992,,3.125649,,
856,2.432225,,5.972408,,7.28975,,6.415504,,3.128548,,
857,2.448788,,5.9403,,7.275104,,6.411087,,3.131447,,
858,2.465353,,5.908193,,7.260458,,6.40667,,3.134346,,
859,2.465353,,5.876085,,7.245812,,6.402253,,3.137244,,
860,2.498684,,5.876085,,7.231166,,6.402253,,3.140143,,
861,2.529602,,5.813879,,7.231166,,6.394127,,3.143042,,
862,2.560521,,5.787377,,7.201835,,6.391686,,3.143042,,
863,2.560521,,5.760874,,7.186376,,6.389245,,3.149722,,
864,2.622584,,5.734372,,7.170917,,6.386804,,3.154876,,
865,2.656312,,5.734372,,7.155458,,6.384363,,3.160029,,
866,2.690041,,5.674995,,7.139999,,6.381921,,3.165182,,
867,2.72377,,5.640212,,7.139999,,6.37948,,3.170336,,
868,2.757498,,5.605429,,7.109081,,6.377039,,3.170336,,
869,2.791227,,5.570645,,7.093621,,6.374598,,3.181908,,
870,2.824956,,5.535862,,7.078162,,6.372157,,3.189637,,
871,2.824956,,5.501079,,7.062702,,6.369716,,3.197366,,
872,2.903405,,5.466295,,7.047243,,6.367275,,3.205096,,
873,2.949784,,5.466295,,7.031783,,6.367275,,3.212825,,
874,2.996164,,5.411374,,7.016324,,6.360411,,3.220555,,
875,3.042544,,5.392822,,7.000864,,6.355773,,3.228284,,
876,3.088923,,5.374271,,6.985404,,6.351135,,3.236014,,
877,3.088923,,5.355721,,6.985404,,6.346498,,3.243743,,
878,3.176842,,5.337169,,6.955055,,6.34186,,3.251473,,
879,3.207761,,5.318618,,6.941414,,6.34186,,3.259202,,
880,3.238679,,5.300067,,6.927774,,6.33346,,3.259202,,
881,3.238679,,5.281516,,6.914134,,6.331352,,3.276066,,
882,3.300967,,5.281516,,6.900493,,6.329244,,3.28583,,
883,3.333074,,5.244493,,6.886853,,6.327136,,3.295593,,
884,3.365182,,5.2271,,6.873212,,6.325028,,3.305357,,
885,3.39729,,5.209708,,6.859572,,6.32292,,3.315121,,
886,3.429397,,5.192316,,6.845932,,6.320812,,3.324885,,
887,3.461505,,5.174923,,6.832292,,6.318704,,3.334649,,
888,3.493613,,5.174923,,6.832292,,6.316596,,3.344413,,
889,3.525721,,5.146276,,6.805354,,6.314488,,3.354177,,
890,3.525721,,5.136338,,6.793759,,6.31238,,3.36394,,
891,3.591326,,5.1264,,6.782165,,6.310272,,3.373704,,
892,3.625056,,5.116461,,6.77057,,6.308164,,3.373704,,
893,3.658786,,5.106523,,6.758976,,6.306056,,3.392153,,
894,3.692517,,5.096585,,6.758976,,6.306056,,3.397306,,
895,3.726247,,5.086647,,6.7312,,6.303785,,3.402459,,
896,3.759977,,5.076708,,6.714636,,6.303785,,3.407613,,
897,3.759977,,5.076708,,6.698072,,6.303785,,3.412766,,
898,3.835596,,5.05726,,6.681509,,6.303785,,3.412766,,
899,3.881973,,5.047984,,6.664945,,6.303785,,3.422827,,
900,3.881973,,5.038709,,6.648381,,6.303785,,3.427244,,
901,3.976618,,5.029434,,6.631817,,6.303785,,3.43166,,
902,4.028149,,5.020158,,6.615253,,6.303785,,3.436077,,
903,4.079679,,5.010883,,6.615253,,6.303785,,3.440494,,
904,4.13121,,5.001607,,6.577193,,6.303785,,3.444911,,
905,4.182741,,4.992332,,6.554004,,6.303785,,3.449328,,
906,4.182741,,4.983057,,6.530816,,6.303785,,3.453745,,
907,4.279792,,4.983057,,6.507627,,6.303785,,3.458162,,
908,4.31844,,4.967327,,6.507627,,6.303785,,3.462579,,
909,4.357089,,4.961529,,6.457387,,6.303785,,3.466996,,
910,4.395737,,4.955731,,6.426468,,6.303785,,3.471412,,
911,4.434386,,4.949934,,6.395549,,6.303785,,3.475829,,
912,4.473034,,4.949934,,6.36463,,6.303785,,3.475829,,
913,4.511683,,4.938119,,6.333711,,6.303785,,3.486101,,
914,4.511683,,4.931936,,6.302793,,6.303785,,3.493058,,
915,4.588053,,4.925752,,6.271873,,6.303785,,3.500015,,
916,4.625156,,4.919568,,6.240954,,6.303785,,3.506972,,
917,4.625156,,4.913384,,6.210036,,6.303785,,3.513928,,
918,4.699031,,4.907201,,6.210036,,6.303785,,3.520885,,
919,4.735103,,4.901017,,6.146727,,6.303785,,3.527842,,
920,4.771175,,4.894834,,6.1136,,6.303785,,3.534799,,
921,4.807248,,4.88865,,6.080472,,6.303785,,3.541756,,
922,4.84332,,4.88865,,6.047345,,6.303785,,3.548712,,
923,4.84332,,4.875959,,6.014217,,6.303785,,3.555669,,
924,4.911434,,4.869333,,5.981089,,6.303785,,3.562626,,
925,4.937935,,4.862708,,5.947962,,6.303785,,3.562626,,
926,4.964437,,4.862708,,5.914834,,6.303785,,3.575486,,
927,4.990938,,4.84952,,5.914834,,6.303785,,3.580124,,
928,4.990938,,4.843337,,5.85181,,6.303785,,3.584762,,
929,5.041185,,4.837153,,5.825307,,6.303785,,3.5894,,
930,5.064374,,4.830969,,5.798805,,6.303785,,3.594038,,
931,5.087564,,4.824785,,5.772303,,6.303785,,3.598676,,
932,5.110753,,4.818602,,5.745801,,6.303785,,3.598676,,
933,5.110753,,4.812418,,5.719299,,6.303785,,3.611032,,
934,5.15713,,4.806234,,5.692797,,6.303785,,3.619097,,
935,5.180318,,4.800051,,5.666295,,6.303785,,3.627163,,
936,5.180318,,4.800051,,5.666295,,6.303785,,3.635229,,
937,5.22421,,4.787908,,5.616108,,6.303785,,3.643294,,
938,5.244823,,4.782452,,5.598717,,6.303785,,3.65136,,
939,5.265437,,4.776995,,5.581326,,6.303785,,3.659425,,
940,5.28605,,4.771539,,5.563934,,6.303785,,3.667491,,
941,5.28605,,4.766082,,5.563934,,6.303785,,3.675557,,
942,5.327442,,4.760626,,5.528893,,6.303785,,3.683622,,
943,5.350629,,4.755169,,5.507488,,6.303785,,3.691688,,
944,5.350629,,4.749713,,5.486082,,6.303785,,3.699754,,
945,5.397005,,4.744256,,5.464677,,6.303785,,3.707819,,
946,5.420195,,4.7388,,5.443271,,6.303785,,3.715885,,
947,5.443386,,4.7388,,5.421865,,6.303785,,3.715885,,
948,5.466576,,4.727695,,5.40046,,6.303785,,3.730835,,
949,5.466576,,4.72107,,5.379054,,6.303785,,3.737461,,
950,5.516223,,4.714445,,5.379054,,6.305763,,3.744087,,
951,5.555977,,4.707819,,5.336419,,6.308082,,3.750712,,
952,5.595731,,4.701194,,5.315338,,6.3104,,3.757337,,
953,5.635485,,4.694568,,5.294258,,6.312719,,3.763963,,
954,5.635485,,4.687943,,5.273177,,6.315038,,3.770588,,
955,5.711969,,4.681317,,5.252096,,6.317357,,3.777214,,
956,5.746752,,4.674692,,5.231015,,6.319676,,3.783839,,
957,5.746752,,4.674692,,5.231015,,6.321995,,3.790465,,
958,5.804889,,4.656543,,5.183566,,6.324314,,3.79709,,
959,5.828078,,4.644948,,5.146462,,6.326632,,3.803715,,
960,5.851267,,4.633354,,5.146462,,6.328951,,3.803715,,
961,5.874456,,4.62176,,5.072888,,6.33127,,3.817024,,
962,5.874456,,4.62176,,5.047915,,6.33127,,3.824754,,
963,5.910523,,4.601098,,5.022943,,6.33419,,3.832484,,
964,5.919799,,4.592914,,4.99797,,6.33419,,3.840214,,
965,5.929075,,4.58473,,4.972997,,6.33419,,3.847944,,
966,5.938351,,4.576546,,4.948024,,6.33419,,3.855674,,
967,5.947627,,4.568362,,4.923052,,6.33419,,3.863404,,
968,5.947627,,4.560177,,4.898079,,6.33419,,3.863404,,
969,5.966607,,4.551993,,4.898079,,6.33419,,3.878213,,
970,5.978201,,4.543809,,4.848133,,6.33419,,3.88243,,
971,5.978201,,4.535625,,4.82316,,6.33419,,3.886646,,
972,5.998593,,4.527441,,4.798187,,6.33419,,3.890862,,
973,6.005218,,4.527441,,4.773214,,6.33419,,3.895078,,
974,6.011844,,4.510028,,4.748241,,6.33419,,3.899294,,
975,6.018469,,4.500089,,4.723268,,6.33419,,3.903511,,
976,6.018469,,4.490151,,4.698295,,6.33419,,3.907727,,
977,6.032794,,4.480212,,4.698295,,6.33419,,3.911943,,
978,6.040524,,4.470273,,4.648268,,6.33419,,3.916159,,
979,6.040524,,4.460335,,4.611167,,6.33419,,3.920375,,
980,6.055676,,4.450397,,4.574066,,6.33419,,3.924592,,
981,6.055676,,4.440458,,4.574066,,6.33419,,3.928808,,
982,6.056807,,4.440458,,4.509998,,6.33419,,3.933024,,
983,6.072266,,4.424729,,4.486808,,6.33419,,3.933024,,
984,6.087725,,4.424729,,4.463619,,6.33419,,3.942661,,
985,6.087725,,4.424729,,4.440429,,6.33419,,3.948458,,
986,6.117205,,4.424729,,4.417239,,6.33419,,3.954255,,
987,6.122359,,4.423234,,4.417239,,6.33419,,3.960052,,
988,6.127512,,4.420142,,4.372577,,6.33419,,3.96585,,
989,6.132666,,4.41705,,4.359326,,6.33419,,3.971647,,
990,6.13782,,4.413958,,4.346076,,6.33419,,3.977444,,
991,6.13782,,4.410866,,4.332825,,6.33419,,3.983241,,
992,6.146894,,4.407774,,4.319574,,6.33419,,3.989038,,
993,6.146894,,4.404682,,4.306323,,6.33419,,3.994836,,
994,6.146894,,4.40159,,4.293072,,6.33419,,4.000633,,
995,6.146894,,4.398499,,4.279822,,6.33419,,4.00643,,
996,6.146894,,4.398499,,4.266571,,6.33419,,4.012227,,
997,6.146894,,4.390018,,4.266571,,6.33419,,4.018024,,
998,6.150037,,4.383393,,4.245559,,6.331884,,4.018024,,
999,6.159312,,4.376768,,4.237829,,6.329566,,4.029691,,
1000,6.159312,,4.370142,,4.237829,,6.327247,,4.038124,,
1001,6.17765,,4.363517,,4.222371,,6.324928,,4.046556,,
1002,6.183447,,4.356892,,4.214641,,6.322609,,4.054989,,
1003,6.189244,,4.350266,,4.206911,,6.32029,,4.063422,,
1004,6.195041,,4.343641,,4.199181,,6.317971,,4.071855,,
1005,6.200838,,4.343641,,4.191451,,6.315652,,4.080287,,
1006,6.200838,,4.329869,,4.183721,,6.313334,,4.080287,,
1007,6.207702,,4.32214,,4.175992,,6.311015,,4.10281,,
1008,6.207702,,4.31441,,4.175992,,6.308696,,4.118176,,
1009,6.220831,,4.31441,,4.160233,,6.306377,,4.133543,,
1010,6.23629,,4.295617,,4.150957,,6.306377,,4.148909,,
1011,6.25175,,4.281689,,4.141682,,6.296044,,4.164276,,
1012,6.25175,,4.267762,,4.132406,,6.287271,,4.179642,,
1013,6.291212,,4.253835,,4.12313,,6.278497,,4.195008,,
1014,6.316,,4.239907,,4.113854,,6.269724,,4.210374,,
1015,6.340788,,4.22598,,4.113854,,6.260951,,4.225741,,
1016,6.365576,,4.212053,,4.096993,,6.252178,,4.241107,,
1017,6.390365,,4.198126,,4.090367,,6.243404,,4.256474,,
1018,6.415153,,4.184198,,4.083742,,6.234631,,4.27184,,
1019,6.439941,,4.170271,,4.083742,,6.225858,,4.287206,,
1020,6.46473,,4.156344,,4.068015,,6.217084,,4.302572,,
1021,6.489518,,4.142417,,4.010234,,6.208312,,4.317939,,
1022,6.514306,,4.128489,,3.952453,,6.199538,,4.333305,,
1023,6.539094,,4.114563,,3.894673,,6.190765,,4.348671,,
1024,6.563883,,4.100635,,3.836892,,6.181992,,4.364038,,
1025,6.588671,,4.086708,,3.779112,,6.173218,,4.379404,,
1026,6.61346,,4.072781,,3.721331,,6.164445,,4.394771,,
1027,6.638248,,4.058853,,3.66355,,6.155672,,4.410137,,
1028,6.663036,,4.044926,,3.60577,,6.146899,,4.425503,,
1029,6.687824,,4.030999,,3.547989,,6.138125,,4.440869,,
1030,6.712613,,4.017072,,3.490209,,6.129352,,4.456236,,
1031,6.737401,,4.003144,,3.432428,,6.120579,,4.471602,,
1032,6.762189,,3.989217,,3.374647,,6.111805,,4.486969,,
1033,6.786978,,3.97529,,3.316867,,6.103032,,4.502335,,
1034,6.811766,,3.961363,,3.259086,,6.094259,,4.517701,,
1035,6.836554,,3.947435,,3.201306,,6.085486,,4.533067,,
1036,6.861342,,3.933508,,3.143525,,6.076713,,4.548434,,
1037,6.861342,,3.933508,,3.143525,,6.076713,,4.548434,,
1038,6.904771,6.907028,3.90886,3.907838,3.03736,3.037027,6.060542,6.060542,4.579141,4.576756,road !!!!!!!!
1039,6.890393,,3.915376,,3.039482,,6.060542,,4.594343,,
1040,6.876016,,3.921891,,3.041605,,6.060542,,4.609546,,
1041,6.861639,,3.928406,,3.043727,,6.060542,,4.624749,,
1042,6.847261,,3.934922,,3.045849,,6.060542,,4.639951,,
1043,6.832884,,3.941437,,3.047971,,6.060542,,4.655154,,
1044,6.818507,,3.947953,,3.050093,,6.060542,,4.670356,,
1045,6.80413,,3.954468,,3.052215,,6.060542,,4.685559,,
1046,6.789752,,3.960984,,3.054338,,6.060542,,4.700762,,
1047,6.775375,,3.967499,,3.05646,,6.060542,,4.715964,,
1048,6.760998,,3.974014,,3.058582,,6.060542,,4.731167,,
1049,6.74662,,3.98053,,3.060704,,6.060542,,4.74637,,
1050,6.732243,,3.987045,,3.062826,,6.060542,,4.761572,,
1051,6.717865,,3.993561,,3.064948,,6.060542,,4.776775,,
1052,6.703488,,4.000076,,3.06707,,6.060542,,4.791977,,
1053,6.689111,,4.006591,,3.069192,,6.060542,,4.80718,,
1054,6.674734,,4.013107,,3.071315,,6.060542,,4.822383,,
1055,6.660357,,4.019622,,3.073437,,6.060542,,4.837585,,
1056,6.645979,,4.026137,,3.075559,,6.060542,,4.852788,,
1057,6.631602,,4.032653,,3.077681,,6.060542,,4.86799,,
1058,6.617224,,4.039168,,3.079803,,6.060542,,4.883193,,
1059,6.602847,,4.045684,,3.081925,,6.060542,,4.898396,,
1060,6.58847,,4.052199,,3.084048,,6.060542,,4.913599,,
1061,6.574092,,4.058714,,3.08617,,6.060542,,4.928801,,
1062,6.559715,,4.06523,,3.088292,,6.060542,,4.944004,,
1063,6.559715,,4.071745,,3.090414,,6.060542,,4.959207,,
1064,6.533129,,4.07826,,3.092536,,6.060542,,4.974409,,
1065,6.533129,,4.07826,,3.094658,,6.060542,,4.974409,,
1066,6.509941,,4.088819,,3.094658,,6.060542,,5.004855,,
1067,6.498346,,4.079543,,3.093738,,6.060542,,5.020314,,
1068,6.486752,,4.070268,,3.085554,,6.060542,,5.035774,,
1069,6.475157,,4.070268,,3.077369,,6.060542,,5.051234,,
1070,6.463562,,4.056162,,3.069185,,6.060542,,5.066693,,
1071,6.463562,,4.051946,,3.061001,,6.060542,,5.066693,,
1072,6.436848,,4.047729,,3.052816,,6.060542,,5.096351,,
1073,6.421388,,4.043512,,3.044632,,6.060542,,5.106892,,
1074,6.405928,,4.039295,,3.036448,,6.056557,,5.117433,,
1075,6.390468,,4.035079,,3.028263,,6.052341,,5.127973,,
1076,6.375008,,4.035079,,3.020079,,6.048124,,5.138514,,
1077,6.359549,,4.027078,,3.020079,,6.043908,,5.149054,,
1078,6.359549,,4.02351,,3.004789,,6.039691,,5.159595,,
1079,6.328455,,4.019943,,2.999636,,6.035475,,5.170135,,
1080,6.309132,,4.016376,,2.994483,,6.035475,,5.180676,,
1081,6.289808,,4.012808,,2.98933,,6.028345,,5.191216,,
1082,6.270484,,4.009241,,2.984176,,6.025904,,5.201757,,
1083,6.251161,,4.005673,,2.984176,,6.023463,,5.212297,,
1084,6.231837,,4.005673,,2.974975,,6.021022,,5.222838,,
1085,6.212513,,3.997938,,2.972247,,6.018581,,5.233379,,
1086,6.212513,,3.990208,,2.969519,,6.01614,,5.233379,,
1087,6.17318,,3.982478,,2.96679,,6.0137,,5.258559,,
1088,6.149991,,3.982478,,2.964062,,6.011259,,5.274018,,
1089,6.126801,,3.96776,,2.961334,,6.008818,,5.289477,,
1090,6.126801,,3.963543,,2.958606,,6.006377,,5.304937,,
1091,6.079909,,3.959327,,2.955878,,6.003936,,5.320396,,
1092,6.054611,,3.955111,,2.95315,,6.003936,,5.335855,,
1093,6.029314,,3.950895,,2.950422,,5.999017,,5.351315,,
1094,6.004016,,3.946679,,2.950422,,5.99644,,5.366774,,
1095,5.978718,,3.942463,,2.945055,,5.993864,,5.382234,,
1096,5.95342,,3.942463,,2.942614,,5.991287,,5.397693,,
1097,5.95342,,3.938243,,2.940173,,5.988711,,5.397693,,
1098,5.902894,,3.938243,,2.937732,,5.986134,,5.428712,,
1099,5.879704,,3.938243,,2.93529,,5.983558,,5.447263,,
1100,5.856515,,3.938243,,2.932849,,5.980981,,5.465814,,
1101,5.833326,,3.938243,,2.930408,,5.978405,,5.484365,,
1102,5.810137,,3.938243,,2.927967,,5.975828,,5.502915,,
1103,5.786948,,3.938243,,2.925526,,5.973251,,5.521466,,
1104,5.763759,,3.938243,,2.923085,,5.973251,,5.521466,,
1105,5.74057,,3.938243,,2.920644,,5.967116,,5.559673,,
1106,5.717381,,3.938243,,2.918203,,5.962479,,5.580544,,
1107,5.694192,,3.938243,,2.918203,,5.957841,,5.601414,,
1108,5.694192,,3.938243,,2.911445,,5.953203,,5.622284,,
1109,5.642418,,3.938243,,2.906807,,5.948565,,5.643155,,
1110,5.609292,,3.938243,,2.902169,,5.943928,,5.664025,,
1111,5.576166,,3.938243,,2.897531,,5.943928,,5.684896,,
1112,5.54304,,3.941293,,2.892893,,5.936549,,5.705766,,
1113,5.54304,,3.944605,,2.892893,,5.933972,,5.726636,,
1114,5.476786,,3.947918,,2.882407,,5.931396,,5.747507,,
1115,5.443658,,3.951231,,2.873711,,5.928819,,5.768377,,
1116,5.410531,,3.954543,,2.865016,,5.926242,,5.789248,,
1117,5.377403,,3.957856,,2.85632,,5.923666,,5.789248,,
1118,5.344275,,3.961169,,2.847624,,5.921089,,5.830499,,
1119,5.311147,,3.964481,,2.838928,,5.918512,,5.850027,,
1120,5.278019,,3.964481,,2.830232,,5.915936,,5.869554,,
1121,5.244892,,3.973565,,2.821536,,5.913359,,5.889082,,
1122,5.244892,,3.98019,,2.81284,,5.913359,,5.908609,,
1123,5.181848,,3.986816,,2.804144,,5.908514,,5.928137,,
1124,5.152862,,3.993441,,2.804144,,5.908514,,5.947664,,
1125,5.123876,,4.000067,,2.788159,,5.908514,,5.967192,,
1126,5.09489,,4.006692,,2.781202,,5.908514,,5.986719,,
1127,5.065904,,4.013318,,2.774246,,5.908514,,6.006247,,
1128,5.036918,,4.019943,,2.767289,,5.908514,,6.025774,,
1129,5.007932,,4.019943,,2.760332,,5.908514,,6.045302,,
1130,4.978946,,4.029458,,2.753375,,5.908514,,6.045302,,
1131,4.94996,,4.029458,,2.746419,,5.908514,,6.08347,,
1132,4.94996,,4.029458,,2.739462,,5.908514,,6.102021,,
1133,4.894381,,4.029458,,2.732505,,5.908514,,6.120572,,
1134,4.873768,,4.029458,,2.725549,,5.908514,,6.139123,,
1135,4.853155,,4.030444,,2.718592,,5.908514,,6.157674,,
1136,4.832542,,4.033536,,2.711635,,5.908514,,6.157674,,
1137,4.811929,,4.036629,,2.711635,,5.908514,,6.19512,,
1138,4.811929,,4.039721,,2.698978,,5.908514,,6.214648,,
1139,4.770306,,4.042813,,2.693825,,5.908514,,6.234176,,
1140,4.748663,,4.045906,,2.688672,,5.908299,,6.253704,,
1141,4.72702,,4.048998,,2.683519,,5.9054,,6.273232,,
1142,4.705377,,4.05209,,2.678366,,5.902502,,6.29276,,
1143,4.683734,,4.055182,,2.678366,,5.899603,,6.312288,,
1144,4.662091,,4.055182,,2.666624,,5.896705,,6.331816,,
1145,4.640448,,4.061474,,2.659667,,5.893806,,6.351344,,
1146,4.618805,,4.064786,,2.65271,,5.890907,,6.370872,,
1147,4.597162,,4.068099,,2.645753,,5.888009,,6.3904,,
1148,4.597162,,4.071412,,2.638797,,5.88511,,6.409928,,
1149,4.556221,,4.074724,,2.63184,,5.882212,,6.409928,,
1150,4.538828,,4.078037,,2.624883,,5.882212,,6.449667,,
1151,4.521436,,4.081349,,2.617927,,5.876301,,6.469957,,
1152,4.504043,,4.084661,,2.61097,,5.873209,,6.490247,,
1153,4.504043,,4.084661,,2.604013,,5.870118,,6.510538,,
1154,4.469061,,4.090271,,2.597057,,5.867026,,6.530828,,
1155,4.451025,,4.090271,,2.5901,,5.863934,,6.551118,,
1156,4.432989,,4.090271,,2.5901,,5.860842,,6.571408,,
1157,4.414953,,4.090271,,2.578187,,5.85775,,6.591699,,
1158,4.396917,,4.090271,,2.574154,,5.854658,,6.611989,,
1159,4.378881,,4.090271,,2.570121,,5.851566,,6.611989,,
1160,4.360846,,4.090271,,2.566088,,5.851566,,6.648512,,
1161,4.342809,,4.090271,,2.562056,,5.843835,,6.658818,,
1162,4.324773,,4.090271,,2.558023,,5.838682,,6.669124,,
1163,4.306737,,4.090271,,2.55399,,5.833529,,6.67943,,
1164,4.288702,,4.090271,,2.549957,,5.828377,,6.689736,,
1165,4.288702,,4.090271,,2.545924,,5.823224,,6.689736,,
1166,4.25263,,4.090271,,2.541891,,5.823224,,6.711,,
1167,4.234593,,4.090271,,2.537858,,5.814835,,6.722595,,
1168,4.216557,,4.090271,,2.533825,,5.811936,,6.73419,,
1169,4.198521,,4.090271,,2.529793,,5.809037,,6.745784,,
1170,4.180485,,4.092167,,2.52576,,5.806138,,6.757379,,
1171,4.162448,,4.09548,,2.52576,,5.803239,,6.768974,,
1172,4.144413,,4.098793,,2.517328,,5.80034,,6.780568,,
1173,4.126376,,4.102106,,2.51269,,5.797441,,6.792163,,
1174,4.10834,,4.105418,,2.508052,,5.794542,,6.803758,,
1175,4.090303,,4.108731,,2.503415,,5.791644,,6.803758,,
1176,4.072268,,4.112044,,2.498777,,5.791644,,6.826852,,
1177,4.072268,,4.115357,,2.498777,,5.784661,,6.83265,,
1178,4.035447,,4.115357,,2.489627,,5.778477,,6.838447,,
1179,4.01635,,4.123288,,2.487519,,5.772293,,6.844244,,
1180,3.997253,,4.129912,,2.48541,,5.766109,,6.850041,,
1181,3.978156,,4.136538,,2.483302,,5.759926,,6.855839,,
1182,3.959059,,4.143162,,2.481194,,5.753742,,6.861636,,
1183,3.939962,,4.143162,,2.479086,,5.747559,,6.867434,,
1184,3.920865,,4.155472,,2.476977,,5.741375,,6.87323,,
1185,3.901768,,4.160928,,2.474869,,5.735191,,6.879028,,
1186,3.882671,,4.166384,,2.472761,,5.735191,,6.879028,,
1187,3.863574,,4.171841,,2.470653,,5.726082,,6.890283,,
1188,3.863574,,4.177297,,2.468544,,5.726082,,6.895436,,
1189,3.821644,,4.182753,,2.466436,,5.726082,,6.900589,,
1190,3.795879,,4.18821,,2.464328,,5.726082,,6.905742,,
1191,3.770114,,4.193666,,2.46222,,5.726082,,6.910895,,
1192,3.744349,,4.199122,,2.46222,,5.726082,,6.910895,,
1193,3.718584,,4.204578,,2.456419,,5.72245,,6.921391,,
1194,3.718584,,4.204578,,2.451781,,5.716652,,6.926847,,
1195,3.669774,,4.215291,,2.447143,,5.710855,,6.932303,,
1196,3.648131,,4.220444,,2.442506,,5.705058,,6.93776,,
1197,3.626487,,4.225597,,2.437868,,5.699261,,6.943216,,
1198,3.604844,,4.230751,,2.43323,,5.693463,,6.948672,,
1199,3.5832,,4.235904,,2.428592,,5.687666,,6.954128,,
1200,3.561557,,4.235904,,2.423955,,5.681869,,6.959584,,
1201,3.539913,,4.246993,,2.419317,,5.676071,,6.965041,,
1202,3.51827,,4.253177,,2.41468,,5.676071,,6.970497,,
1203,3.496626,,4.259361,,2.410042,,5.663577,,6.970497,,
1204,3.496626,,4.265545,,2.405404,,5.651209,,6.984735,,
1205,3.457535,,4.271729,,2.405404,,5.638842,,6.997102,,
1206,3.440972,,4.277913,,2.395864,,5.626475,,7.00947,,
1207,3.424409,,4.284097,,2.39071,,5.614107,,7.021838,,
1208,3.407845,,4.290281,,2.385557,,5.60174,,7.034205,,
1209,3.391282,,4.296464,,2.380404,,5.589372,,7.046573,,
1210,3.374719,,4.296464,,2.37525,,5.577005,,7.05894,,
1211,3.358155,,4.312647,,2.37525,,5.564638,,7.071308,,
1212,3.341592,,4.322953,,2.364039,,5.564638,,7.083675,,
1213,3.341592,,4.33326,,2.357414,,5.53838,,7.083675,,
1214,3.312516,,4.343565,,2.350788,,5.520988,,7.104158,,
1215,3.30221,,4.353872,,2.344163,,5.503596,,7.109955,,
1216,3.291903,,4.364178,,2.337538,,5.486205,,7.115753,,
1217,3.281597,,4.374484,,2.330912,,5.486205,,7.12155,,
1218,3.27129,,4.38479,,2.324287,,5.451384,,7.12155,,
1219,3.27129,,4.395097,,2.317662,,5.433347,,7.135479,,
1220,3.252263,,4.405403,,2.311037,,5.415311,,7.147074,,
1221,3.244079,,4.405403,,2.304411,,5.397275,,7.158668,,
1222,3.235895,,4.426015,,2.297786,,5.379239,,7.170263,,
1223,3.22771,,4.436321,,2.291161,,5.361203,,7.181857,,
1224,3.219526,,4.446628,,2.284535,,5.343167,,7.193452,,
1225,3.211342,,4.456934,,2.284535,,5.325131,,7.205046,,
1226,3.203157,,4.46724,,2.268628,,5.307095,,7.216641,,
1227,3.194973,,4.477547,,2.258864,,5.289059,,7.228236,,
1228,3.186789,,4.487853,,2.2491,,5.271023,,7.23983,,
1229,3.178605,,4.498159,,2.239336,,5.271023,,7.23983,,
1230,3.178605,,4.508466,,2.229572,,5.23538,,7.262205,,
1231,3.163174,,4.518772,,2.219808,,5.219011,,7.272908,,
1232,3.156549,,4.529078,,2.210044,,5.202642,,7.28361,,
1233,3.149923,,4.529078,,2.20028,,5.186274,,7.294313,,
1234,3.143297,,4.549691,,2.190516,,5.169905,,7.305016,,
1235,3.136672,,4.559997,,2.180752,,5.153536,,7.315719,,
1236,3.130046,,4.570303,,2.170989,,5.137167,,7.326421,,
1237,3.12342,,4.580609,,2.170989,,5.120799,,7.326421,,
1238,3.116795,,4.590915,,2.153626,,5.10443,,7.343648,,
1239,3.116795,,4.590915,,2.14941,,5.088061,,7.343648,,
1240,3.101438,,4.612332,,2.145194,,5.088061,,7.343648,,
1241,3.089845,,4.624537,,2.140977,,5.055268,,7.343648,,
1242,3.078251,,4.636742,,2.136761,,5.038403,,7.343648,,
1243,3.066657,,4.648946,,2.132544,,5.021539,,7.345971,,
1244,3.066657,,4.661151,,2.132544,,5.004674,,7.348869,,
1245,3.042779,,4.673356,,2.124076,,4.98781,,7.351768,,
1246,3.027319,,4.685561,,2.119659,,4.970945,,7.354666,,
1247,3.01186,,4.697766,,2.115242,,4.954081,,7.357565,,
1248,2.9964,,4.70997,,2.110825,,4.954081,,7.360464,,
1249,2.980941,,4.722175,,2.106408,,4.924549,,7.363362,,
1250,2.965481,,4.73438,,2.101991,,4.912344,,7.366261,,
1251,2.950022,,4.746585,,2.097574,,4.900139,,7.369159,,
1252,2.934562,,4.746585,,2.093158,,4.887935,,7.369159,,
1253,2.919102,,4.772383,,2.088741,,4.87573,,7.375165,,
1254,2.919102,,4.786024,,2.084324,,4.863525,,7.378733,,
1255,2.884902,,4.799664,,2.079907,,4.851321,,7.3823,,
1256,2.859929,,4.813305,,2.07549,,4.839116,,7.385868,,
1257,2.834955,,4.826946,,2.071073,,4.826911,,7.389436,,
1258,2.809981,,4.840586,,2.071073,,4.814706,,7.393003,,
1259,2.785007,,4.854227,,2.064055,,4.802502,,7.396572,,
1260,2.760033,,4.867867,,2.064055,,4.802502,,7.400139,,
1261,2.735059,,4.881508,,2.064055,,4.778363,,7.400139,,
1262,2.710086,,4.895149,,2.064055,,4.766768,,7.409687,,
1263,2.710086,,4.895149,,2.064055,,4.755174,,7.416312,,
1264,2.667962,,4.920748,,2.064055,,4.743579,,7.422937,,
1265,2.652504,,4.932343,,2.064055,,4.731985,,7.422937,,
1266,2.637045,,4.943937,,2.064055,,4.72039,,7.434153,,
1267,2.637045,,4.955532,,2.064055,,4.708795,,7.430585,,
1268,2.599259,,4.955532,,2.064055,,4.6972,,7.427018,,
1269,2.576069,,4.975003,,2.064055,,4.685606,,7.42345,,
1270,2.55288,,4.980156,,2.064055,,4.674011,,7.419883,,
1271,2.529691,,4.98531,,2.064055,,4.662416,,7.416316,,
1272,2.506502,,4.990463,,2.064055,,4.650822,,7.412748,,
1273,2.506502,,4.995616,,2.064055,,4.650822,,7.409181,,
1274,2.462695,,5.000769,,2.064055,,4.630086,,7.409181,,
1275,2.447236,,5.005922,,2.064055,,4.62587,,7.40446,,
1276,2.431777,,5.011075,,2.064055,,4.621654,,7.40446,,
1277,2.416317,,5.016228,,2.064055,,4.617437,,7.40446,,
1278,2.400858,,5.021381,,2.064055,,4.613221,,7.40446,,
1279,2.385399,,5.026535,,2.063576,,4.609005,,7.40446,,
1280,2.36994,,5.026535,,2.05812,,4.609005,,7.40446,,
1281,2.36994,,5.032839,,2.052664,,4.599902,,7.40446,,
1282,2.337583,,5.032839,,2.047208,,4.590138,,7.40446,,
1283,2.319031,,5.032839,,2.041751,,4.580374,,7.40446,,
1284,2.319031,,5.032839,,2.036295,,4.570611,,7.40446,,
1285,2.282923,,5.032839,,2.030839,,4.560847,,7.398875,,
1286,2.269671,,5.032839,,2.025383,,4.551083,,7.392249,,
1287,2.256419,,5.032839,,2.019926,,4.541319,,7.385623,,
1288,2.243167,,5.032839,,2.01447,,4.531556,,7.385623,,
1289,2.243167,,5.032839,,2.009014,,4.521792,,7.373148,,
1290,2.21072,,5.032839,,2.009014,,4.512028,,7.369581,,
1291,2.187532,,5.032839,,2.000512,,4.502264,,7.366013,,
1292,2.164344,,5.032839,,1.997613,,4.492501,,7.362446,,
1293,2.164344,,5.032839,,1.994714,,4.492501,,7.358878,,
1294,2.123105,,5.032839,,1.991816,,4.473858,,7.355311,,
1295,2.123105,,5.032839,,1.988917,,4.465425,,7.351743,,
1296,2.090026,,5.032839,,1.986018,,4.456993,,7.348176,,
1297,2.071475,,5.032839,,1.98312,,4.44856,,7.348176,,
1298,2.071475,,5.032839,,1.980221,,4.440127,,7.339128,,
1299,2.03973,,5.032839,,1.977322,,4.431695,,7.332945,,
1300,2.033932,,5.032839,,1.977322,,4.423263,,7.326761,,
1301,2.028135,,5.032839,,1.972839,,4.41483,,7.320577,,
1302,2.022337,,5.032839,,1.972839,,4.406397,,7.314394,,
1303,2.022337,,5.032839,,1.972839,,4.397965,,7.30821,,
1304,2.009727,,5.032839,,1.972839,,4.389532,,7.302026,,
1305,1.998132,,5.032839,,1.972839,,4.3811,,7.295843,,
1306,1.998132,,5.030168,,1.972839,,4.372667,,7.289659,,
1307,1.974027,,5.027076,,1.972839,,4.372667,,7.289659,,
1308,1.960775,,5.023984,,1.970238,,4.354478,,7.270952,,
1309,1.947524,,5.020892,,1.96734,,4.340565,,7.257701,,
1310,1.934273,,5.0178,,1.964441,,4.326651,,7.244451,,
1311,1.934273,,5.014708,,1.961543,,4.312738,,7.244451,,
1312,1.913092,,5.011616,,1.958644,,4.298824,,7.219831,,
1313,1.905363,,5.008524,,1.955745,,4.284911,,7.212696,,
1314,1.905363,,5.008524,,1.952847,,4.284911,,7.205561,,
1315,1.889672,,5.002202,,1.949948,,4.24979,,7.198425,,
1316,1.889672,,4.994473,,1.94705,,4.225237,,7.191289,,
1317,1.859146,,4.986743,,1.94705,,4.200685,,7.184154,,
1318,1.84987,,4.986743,,1.943615,,4.176132,,7.177019,,
1319,1.840594,,4.971657,,1.946513,,4.151579,,7.169883,,
1320,1.840594,,4.967792,,1.949412,,4.127026,,7.169883,,
1321,1.818919,,4.963926,,1.952311,,4.102473,,7.149077,,
1322,1.805667,,4.960061,,1.955209,,4.07792,,7.133617,,
1323,1.792416,,4.956196,,1.958108,,4.053367,,7.118158,,
1324,1.792416,,4.952331,,1.961007,,4.028814,,7.102699,,
1325,1.766238,,4.948465,,1.963905,,4.028814,,7.087239,,
1326,1.754645,,4.948465,,1.966804,,3.980445,,7.07178,,
1327,1.754645,,4.939628,,1.969703,,3.957256,,7.056321,,
1328,1.732787,,4.930932,,1.969703,,3.934066,,7.056321,,
1329,1.723512,,4.922236,,1.97757,,3.910877,,7.028951,,
1330,1.714236,,4.91354,,1.982723,,3.887687,,7.017356,,
1331,1.704961,,4.904844,,1.987876,,3.864498,,7.005762,,
1332,1.695686,,4.896148,,1.993029,,3.841308,,6.994168,,
1333,1.695686,,4.887453,,1.993029,,3.818119,,6.994168,,
1334,1.677383,,4.878757,,2.003381,,3.794929,,6.969864,,
1335,1.682021,,4.87006,,2.01111,,3.77174,,6.956614,,
1336,1.686658,,4.861365,,2.01884,,3.74855,,6.943362,,
1337,1.691296,,4.861365,,2.02657,,3.74855,,6.930111,,
1338,1.695933,,4.845505,,2.034299,,3.702172,,6.91686,,
1339,1.70057,,4.83888,,2.042029,,3.678983,,6.903609,,
1340,1.70057,,4.832254,,2.049759,,3.655794,,6.890358,,
1341,1.713058,,4.832254,,2.057488,,3.632605,,6.877107,,
1342,1.724653,,4.819844,,2.065218,,3.632605,,6.877107,,
1343,1.724653,,4.818806,,2.072948,,3.600858,,6.850853,,
1344,1.738107,,4.817767,,2.080678,,3.607232,,6.838104,,
1345,1.738107,,4.816729,,2.080678,,3.613607,,6.825355,,
1346,1.738107,,4.81569,,2.098104,,3.619982,,6.812605,,
1347,1.738107,,4.814651,,2.114902,,3.626357,,6.799856,,
1348,1.738107,,4.813612,,2.131701,,3.632731,,6.787107,,
1349,1.730229,,4.812574,,2.148499,,3.639106,,6.774357,,
1350,1.716979,,4.811535,,2.165297,,3.645481,,6.761608,,
1351,1.703729,,4.810497,,2.182096,,3.651855,,6.748858,,
1352,1.703729,,4.809458,,2.198894,,3.65823,,6.736109,,
1353,1.677238,,4.808419,,2.215692,,3.664605,,6.72336,,
1354,1.665641,,4.807381,,2.23249,,3.670979,,6.710611,,
1355,1.665641,,4.806342,,2.249289,,3.677354,,6.697861,,
1356,1.619092,,4.805304,,2.266087,,3.683729,,6.685112,,
1357,1.546541,,4.804265,,2.282885,,3.690104,,6.672363,,
1358,1.473991,,4.803226,,2.299684,,3.696478,,6.659613,,
1359,1.401441,,4.802187,,2.316482,,3.702853,,6.646864,,
1360,1.328891,,4.801149,,2.33328,,3.709228,,6.634115,,
1361,1.25634,,4.80011,,2.350078,,3.715603,,6.621366,,
1362,1.18379,,4.799072,,2.366877,,3.721977,,6.608616,,
1363,1.11124,,4.798033,,2.383675,,3.728352,,6.595867,,
1364,1.03869,,4.796994,,2.400473,,3.734727,,6.583117,,
1365,0.9661394,,4.795956,,2.417271,,3.741102,,6.570368,,
1366,0.8935892,,4.794917,,2.43407,,3.747476,,6.557619,,
1367,0.8210389,,4.793879,,2.450868,,3.753851,,6.544869,,
1368,0.7484887,,4.79284,,2.467666,,3.760226,,6.53212,,
1369,0.6759384,,4.791801,,2.484465,,3.7666,,6.519371,,
1370,0.6033882,,4.790762,,2.501263,,3.772975,,6.506621,,
1371,0.6033882,0.5218932,4.790762,4.789596,2.501263,2.520136,3.772975,3.780137,6.506621,6.492297,road !!!!!!!!
1372,0.5508035,,4.774484,,2.528722,,3.759988,,6.486399,,
1373,0.5837795,,4.757242,,2.538517,,3.736999,,6.479669,,
1374,0.6167554,,4.74,,2.548312,,3.714009,,6.472939,,
1375,0.6497314,,4.722758,,2.558107,,3.69102,,6.466209,,
1376,0.6827073,,4.705516,,2.567903,,3.668031,,6.459479,,
1377,0.7156833,,4.688274,,2.577698,,3.645041,,6.452749,,
1378,0.7486593,,4.671032,,2.587493,,3.622052,,6.446019,,
1379,0.7816352,,4.65379,,2.597288,,3.599062,,6.439289,,
1380,0.8146111,,4.636548,,2.607084,,3.576073,,6.432559,,
1381,0.8475871,,4.619306,,2.616879,,3.553084,,6.425829,,
1382,0.880563,,4.602064,,2.626674,,3.530094,,6.419099,,
1383,0.913539,,4.584822,,2.636469,,3.507105,,6.412369,,
1384,0.946515,,4.56758,,2.646265,,3.484116,,6.405639,,
1385,0.9794909,,4.550338,,2.65606,,3.461126,,6.398909,,
1386,1.012467,,4.533096,,2.665855,,3.438137,,6.392179,,
1387,1.045443,,4.515854,,2.67565,,3.415148,,6.385449,,
1388,1.078419,,4.498612,,2.685445,,3.392158,,6.378719,,
1389,1.111395,,4.48137,,2.695241,,3.369169,,6.371989,,
1390,1.144371,,4.464128,,2.705036,,3.34618,,6.36526,,
1391,1.177347,,4.446886,,2.714831,,3.32319,,6.35853,,
1392,1.177347,,4.429644,,2.724626,,3.300201,,6.351799,,
1393,1.213455,,4.412402,,2.734422,,3.277212,,6.345069,,
1394,1.213455,,4.39516,,2.744217,,3.254222,,6.33834,,
1395,1.190536,,4.377918,,2.754012,,3.231233,,6.33161,,
1396,1.184739,,4.360676,,2.763807,,3.208244,,6.32488,,
1397,1.178942,,4.360676,,2.773602,,3.208244,,6.31815,,
1398,1.173146,,4.326949,,2.783398,,3.175138,,6.31815,,
1399,1.167349,,4.31149,,2.793193,,3.182461,,6.303921,,
1400,1.167349,,4.29603,,2.802988,,3.189784,,6.296192,,
1401,1.154205,,4.280571,,2.812783,,3.197106,,6.288462,,
1402,1.146475,,4.26511,,2.812783,,3.204429,,6.280732,,
1403,1.138745,,4.249651,,2.83194,,3.211752,,6.273003,,
1404,1.138745,,4.234191,,2.841215,,3.219075,,6.265273,,
1405,1.143435,,4.234191,,2.850491,,3.226398,,6.257544,,
1406,1.143435,,4.203272,,2.859766,,3.233721,,6.257544,,
1407,1.178999,,4.187812,,2.869042,,3.241044,,6.236186,,
1408,1.199611,,4.172353,,2.878317,,3.248366,,6.221915,,
1409,1.220224,,4.172353,,2.887593,,3.255689,,6.207644,,
1410,1.240837,,4.143363,,2.896868,,3.255689,,6.193374,,
1411,1.240837,,4.130995,,2.896868,,3.271054,,6.179103,,
1412,1.282055,,4.118628,,2.915421,,3.27912,,6.164832,,
1413,1.298921,,4.10626,,2.925727,,3.287186,,6.150562,,
1414,1.315786,,4.093893,,2.936034,,3.295252,,6.150562,,
1415,1.332651,,4.081525,,2.946341,,3.303317,,6.122407,,
1416,1.349517,,4.069158,,2.956648,,3.311383,,6.109156,,
1417,1.366382,,4.05679,,2.956648,,3.319449,,6.095906,,
1418,1.383247,,4.044422,,2.976805,,3.327515,,6.082655,,
1419,1.383247,,4.044422,,2.982602,,3.335581,,6.082655,,
1420,1.42564,,4.021606,,2.988399,,3.343647,,6.049711,,
1421,1.453467,,4.011669,,2.994196,,3.351712,,6.028306,,
1422,1.453467,,4.00173,,2.999993,,3.359778,,6.006901,,
1423,1.513873,,3.991792,,3.00579,,3.367844,,5.985496,,
1424,1.550975,,3.981854,,3.011588,,3.37591,,5.964091,,
1425,1.588076,,3.971916,,3.017385,,3.37591,,5.942686,,
1426,1.625177,,3.961978,,3.023182,,3.397243,,5.921281,,
1427,1.662279,,3.95204,,3.028979,,3.411157,,5.921281,,
1428,1.69938,,3.95204,,3.028979,,3.42507,,5.876304,,
1429,1.69938,,3.934191,,3.041392,,3.438983,,5.846791,,
1430,1.773584,,3.927565,,3.048527,,3.452897,,5.817277,,
1431,1.810686,,3.92094,,3.055662,,3.452897,,5.787764,,
1432,1.847789,,3.92094,,3.062797,,3.47995,,5.75825,,
1433,1.884892,,3.907838,,3.069932,,3.491545,,5.728736,,
1434,1.921994,,3.907838,,3.077068,,3.503139,,5.728736,,
1435,1.921994,,3.907838,,3.084203,,3.514734,,5.669631,,
1436,1.993724,,3.907838,,3.084203,,3.526329,,5.638712,,
1437,2.024643,,3.907838,,3.098297,,3.537924,,5.607793,,
1438,2.055561,,3.907838,,3.10345,,3.549519,,5.607793,,
1439,2.055561,,3.907838,,3.108603,,3.561113,,5.547606,,
1440,2.115337,,3.907838,,3.113757,,3.572708,,5.530215,,
1441,2.14184,,3.907838,,3.11891,,3.584303,,5.512823,,
1442,2.168342,,3.907838,,3.11891,,3.595898,,5.495431,,
1443,2.194844,,3.907838,,3.129411,,3.607492,,5.47804,,
1444,2.221347,,3.907838,,3.135594,,3.619087,,5.460649,,
1445,2.247849,,3.907838,,3.141778,,3.630682,,5.443257,,
1446,2.274352,,3.907838,,3.147962,,3.642277,,5.425865,,
1447,2.300854,,3.907838,,3.154145,,3.642277,,5.408473,,
1448,2.300854,,3.907838,,3.160329,,3.669889,,5.391082,,
1449,2.353512,,3.907838,,3.166513,,3.688862,,5.391082,,
1450,2.378809,,3.907838,,3.172697,,3.707835,,5.354727,,
1451,2.404107,,3.907838,,3.178881,,3.726807,,5.33485,,
1452,2.429404,,3.907838,,3.178881,,3.74578,,5.314973,,
1453,2.454702,,3.907838,,3.191586,,3.764753,,5.295097,,
1454,2.48,,3.907838,,3.19872,,3.783726,,5.27522,,
1455,2.48,,3.907838,,3.205855,,3.802698,,5.255343,,
1456,2.531622,,3.907838,,3.212991,,3.821671,,5.235466,,
1457,2.570269,,3.907838,,3.220125,,3.840644,,5.21559,,
1458,2.608917,,3.907838,,3.22726,,3.859616,,5.21559,,
1459,2.608917,,3.907838,,3.234395,,3.878589,,5.178845,,
1460,2.688649,,3.907838,,3.24153,,3.897562,,5.165594,,
1461,2.744303,,3.905013,,3.24153,,3.897562,,5.152343,,
1462,2.799957,,3.899215,,3.260888,,3.935569,,5.139091,,
1463,2.855611,,3.893418,,3.274139,,3.954894,,5.139091,,
1464,2.911266,,3.887621,,3.287391,,3.974218,,5.114613,,
1465,2.96692,,3.881824,,3.287391,,3.993543,,5.103701,,
1466,2.96692,,3.876027,,3.312178,,4.012867,,5.092788,,
1467,3.07051,,3.87023,,3.318362,,4.032192,,5.081876,,
1468,3.113023,,3.864433,,3.324545,,4.051517,,5.070964,,
1469,3.155536,,3.858635,,3.330729,,4.051517,,5.060051,,
1470,3.198049,,3.852838,,3.336913,,4.090166,,5.049139,,
1471,3.240561,,3.852838,,3.343096,,4.109489,,5.038227,,
1472,3.283074,,3.841244,,3.34928,,4.128814,,5.027315,,
1473,3.325587,,3.835446,,3.355464,,4.148138,,5.016403,,
1474,3.325587,,3.829649,,3.361647,,4.167462,,5.016403,,
1475,3.40783,,3.823851,,3.361647,,4.186786,,4.994087,,
1476,3.446479,,3.818053,,3.375041,,4.20611,,4.982492,,
1477,3.485128,,3.812256,,3.383737,,4.225434,,4.970898,,
1478,3.485128,,3.806458,,3.392433,,4.244759,,4.959303,,
1479,3.564451,,3.800661,,3.401129,,4.264083,,4.947708,,
1480,3.605676,,3.794863,,3.409825,,4.283407,,4.936113,,
1481,3.646901,,3.794863,,3.418521,,4.302731,,4.924519,,
1482,3.688126,,3.782847,,3.427217,,4.322055,,4.912924,,
1483,3.729351,,3.776222,,3.435913,,4.341379,,4.90133,,
1484,3.729351,,3.769596,,3.444609,,4.360703,,4.90133,,
1485,3.816368,,3.762971,,3.453305,,4.360703,,4.877758,,
1486,3.862747,,3.762971,,3.453305,,4.397517,,4.864507,,
1487,3.909126,,3.74972,,3.476914,,4.413648,,4.851256,,
1488,3.955505,,3.743094,,3.492373,,4.42978,,4.838005,,
1489,3.955505,,3.736469,,3.507833,,4.445911,,4.838005,,
1490,4.068098,,3.729844,,3.523292,,4.462042,,4.807754,,
1491,4.068098,,3.723218,,3.523292,,4.478174,,4.788657,,
1492,4.215242,,3.716593,,3.554313,,4.494305,,4.76956,,
1493,4.281495,,3.709967,,3.575183,,4.510437,,4.750463,,
1494,4.347748,,3.703342,,3.596053,,4.526568,,4.731367,,
1495,4.347748,,3.703342,,3.616924,,4.5427,,4.71227,,
1496,4.47816,,3.688558,,3.637794,,4.558831,,4.693173,,
1497,4.519899,,3.679862,,3.658664,,4.574963,,4.674077,,
1498,4.561639,,3.671166,,3.679534,,4.591094,,4.65498,,
1499,4.603378,,3.662471,,3.700405,,4.607225,,4.635883,,
1500,4.645117,,3.653775,,3.721275,,4.607225,,4.635883,,
1501,4.686856,,3.64508,,3.742145,,4.639155,,4.597689,,
1502,4.686856,,3.636384,,3.763016,,4.654614,,4.578592,,
1503,4.772793,,3.627688,,3.783886,,4.670074,,4.559495,,
1504,4.819176,,3.618993,,3.804756,,4.685533,,4.540399,,
1505,4.819176,,3.618993,,3.804756,,4.700993,,4.521302,,
1506,4.906678,,3.600873,,3.8486,,4.716452,,4.502205,,
1507,4.947258,,3.589278,,3.871789,,4.731911,,4.483109,,
1508,4.987837,,3.577682,,3.894978,,4.731911,,4.464012,,
1509,5.028417,,3.566087,,3.918167,,4.761441,,4.444915,,
1510,5.028417,,3.566087,,3.941356,,4.774693,,4.425818,,
1511,5.118537,,3.542878,,3.964545,,4.787943,,4.425818,,
1512,5.172648,,3.528608,,3.987735,,4.801195,,4.388223,,
1513,5.226759,,3.514338,,4.010924,,4.814446,,4.370831,,
1514,5.226759,,3.500068,,4.034113,,4.827697,,4.353438,,
1515,5.340606,,3.485799,,4.057302,,4.840948,,4.336046,,
1516,5.340606,,3.471529,,4.057302,,4.854199,,4.336046,,
1517,5.46427,,3.457259,,4.103188,,4.867451,,4.301294,,
1518,5.526108,,3.442989,,4.121739,,4.880702,,4.284208,,
1519,5.587946,,3.442989,,4.14029,,4.893953,,4.267121,,
1520,5.587946,,3.415369,,4.158841,,4.907204,,4.250035,,
1521,5.704307,,3.403002,,4.177392,,4.920455,,4.232948,,
1522,5.757313,,3.390634,,4.195943,,4.920455,,4.215862,,
1523,5.810319,,3.378266,,4.195943,,4.946439,,4.198775,,
1524,5.810319,,3.365899,,4.23177,,4.959087,,4.181689,,
1525,5.910307,,3.353531,,4.248002,,4.971736,,4.164602,,
1526,5.938135,,3.341163,,4.264235,,4.984385,,4.147516,,
1527,5.965962,,3.328795,,4.280468,,4.997033,,4.130429,,
1528,5.965962,,3.316428,,4.2967,,5.009681,,4.113343,,
1529,6.019634,,3.316428,,4.312932,,5.02233,,4.113343,,
1530,6.045398,,3.292195,,4.329165,,5.034978,,4.083576,,
1531,6.071163,,3.2806,,4.345397,,5.047627,,4.073269,,
1532,6.096928,,3.269006,,4.36163,,5.060276,,4.062963,,
1533,6.096928,,3.257411,,4.377863,,5.072924,,4.052657,,
1534,6.147698,,3.257411,,4.394095,,5.085573,,4.04235,,
1535,6.160949,,3.235162,,4.410328,,5.098221,,4.032044,,
1536,6.1742,,3.225886,,4.410328,,5.098221,,4.021738,,
1537,6.18745,,3.216611,,4.44203,,5.127215,,4.011432,,
1538,6.18745,,3.207335,,4.456523,,5.148296,,4.001125,,
1539,6.214994,,3.19806,,4.471016,,5.169377,,3.990819,,
1540,6.214994,,3.188785,,4.485509,,5.190458,,3.980513,,
1541,6.242013,,3.179509,,4.500002,,5.211539,,3.980513,,
1542,6.249743,,3.170234,,4.514495,,5.23262,,3.963728,,
1543,6.257472,,3.160958,,4.528987,,5.23262,,3.95793,,
1544,6.257472,,3.160958,,4.54348,,5.274983,,3.952133,,
1545,6.273813,,3.144173,,4.557973,,5.296952,,3.946335,,
1546,6.283088,,3.137989,,4.572466,,5.318921,,3.946335,,
1547,6.283088,,3.131805,,4.572466,,5.340889,,3.934239,,
1548,6.298918,,3.125621,,4.606559,,5.362857,,3.927614,,
1549,6.298918,,3.119437,,4.626437,,5.384826,,3.920989,,
1550,6.30081,,3.113253,,4.646314,,5.406795,,3.914363,,
1551,6.306607,,3.107069,,4.646314,,5.428763,,3.907738,,
1552,6.312404,,3.100885,,4.686217,,5.450731,,3.901112,,
1553,6.318201,,3.094701,,4.706507,,5.4727,,3.894487,,
1554,6.318201,,3.094701,,4.726798,,5.494668,,3.887861,,
1555,6.329321,,3.078344,,4.747088,,5.516637,,3.881236,,
1556,6.329321,,3.06675,,4.767378,,5.516637,,3.874611,,
1557,6.329321,,3.055156,,4.787669,,5.556813,,3.867985,,
1558,6.329321,,3.043562,,4.807959,,5.5739,,3.86136,,
1559,6.329321,,3.043562,,4.828249,,5.590987,,3.854734,,
1560,6.329321,,3.017927,,4.84854,,5.608074,,3.854734,,
1561,6.329321,,3.001363,,4.86883,,5.625161,,3.844871,,
1562,6.329321,,2.984798,,4.86883,,5.642248,,3.842295,,
1563,6.329321,,2.968234,,4.920578,,5.659335,,3.839718,,
1564,6.329321,,2.95167,,4.953705,,5.676422,,3.837141,,
1565,6.329321,,2.935106,,4.986832,,5.693509,,3.834565,,
1566,6.329321,,2.918542,,5.019958,,5.710596,,3.831988,,
1567,6.329321,,2.901978,,5.053085,,5.727683,,3.829411,,
1568,6.329321,,2.901978,,5.086212,,5.727683,,3.826835,,
1569,6.329321,,2.87008,,5.119339,,5.762733,,3.824258,,
1570,6.329321,,2.857431,,5.152465,,5.782609,,3.821681,,
1571,6.329321,,2.844783,,5.152465,,5.802485,,3.821681,,
1572,6.329321,,2.832134,,5.21872,,5.822361,,3.816621,,
1573,6.329321,,2.819486,,5.251849,,5.822361,,3.816621,,
1574,6.329321,,2.806838,,5.284978,,5.85667,,3.816621,,
1575,6.329321,,2.806838,,5.284978,,5.869037,,3.816621,,
1576,6.334345,,2.782045,,5.350059,,5.881404,,3.816621,,
1577,6.340972,,2.774316,,5.371702,,5.893772,,3.816621,,
1578,6.347598,,2.766587,,5.393345,,5.906139,,3.82044,,
1579,6.347598,,2.766587,,5.414988,,5.918506,,3.825267,,
1580,6.359731,,2.755458,,5.436631,,5.930873,,3.830093,,
1581,6.359731,,2.77336,,5.458274,,5.943241,,3.83492,,
1582,6.359731,,2.791261,,5.479917,,5.955607,,3.839747,,
1583,6.370494,,2.809163,,5.50156,,5.955607,,3.844574,,
1584,6.390183,,2.827064,,5.523203,,5.98943,,3.849401,,
1585,6.409873,,2.844966,,5.523203,,6.012,,3.854228,,
1586,6.429563,,2.862867,,5.568496,,6.03457,,3.859054,,
1587,6.449253,,2.880769,,5.597613,,6.05714,,3.863881,,
1588,6.468943,,2.89867,,5.626729,,6.07971,,3.868708,,
1589,6.488633,,2.916571,,5.655846,,6.10228,,3.873535,,
1590,6.508322,,2.934473,,5.684962,,6.12485,,3.878361,,
1591,6.528012,,2.952374,,5.714078,,6.14742,,3.883188,,
1592,6.547702,,2.970276,,5.743195,,6.16999,,3.888015,,
1593,6.567392,,2.988177,,5.772312,,6.19256,,3.892842,,
1594,6.587081,,3.006078,,5.801428,,6.21513,,3.897669,,
1595,6.606771,,3.02398,,5.830544,,6.2377,,3.902496,,
1596,6.626461,,3.041881,,5.859661,,6.26027,,3.907322,,
1597,6.646151,,3.059783,,5.888777,,6.282839,,3.912149,,
1598,6.665841,,3.077684,,5.917894,,6.305409,,3.916976,,
1599,6.685531,,3.095586,,5.94701,,6.32798,,3.921803,,
1600,6.70522,,3.113487,,5.976127,,6.350549,,3.92663,,
1601,6.72491,,3.131389,,6.005243,,6.373119,,3.931457,,
1602,6.7446,,3.14929,,6.034359,,6.395689,,3.936283,,
1603,6.76429,,3.167192,,6.063476,,6.418259,,3.94111,,
1604,6.78398,,3.185093,,6.092592,,6.440829,,3.945937,,
1605,6.803669,,3.202994,,6.121709,,6.463399,,3.950764,,
1606,6.823359,,3.220896,,6.150826,,6.485969,,3.95559,,
1607,6.843049,,3.238797,,6.179942,,6.508539,,3.960418,,
1608,6.843049,,3.238797,,6.179942,,6.508539,,3.960418,,
1609,6.881888,6.876624,3.2618,3.269325,6.236124,6.229595,6.544748,6.547028,3.968649,3.968649,road !!!!!!!!
1610,6.899745,,3.236265,,6.25828,,6.537011,,3.968649,,
1611,6.917603,,3.21073,,6.280437,,6.529273,,3.968649,,
1612,6.93546,,3.185194,,6.302593,,6.521535,,3.968649,,
1613,6.953318,,3.159659,,6.32475,,6.513798,,3.968649,,
1614,6.971175,,3.134124,,6.346906,,6.50606,,3.968649,,
1615,6.989032,,3.108589,,6.369063,,6.498322,,3.968649,,
1616,7.006889,,3.083054,,6.391219,,6.490585,,3.968649,,
1617,7.024746,,3.057518,,6.413376,,6.482848,,3.968649,,
1618,7.042603,,3.031983,,6.435532,,6.47511,,3.968649,,
1619,7.060461,,3.006448,,6.457689,,6.467372,,3.968649,,
1620,7.078318,,2.980912,,6.479845,,6.459635,,3.968649,,
1621,7.096175,,2.955377,,6.502002,,6.451898,,3.968649,,
1622,7.114033,,2.929842,,6.524158,,6.44416,,3.968649,,
1623,7.13189,,2.904307,,6.546315,,6.436422,,3.968649,,
1624,7.149747,,2.878771,,6.568471,,6.428685,,3.968649,,
1625,7.167604,,2.853236,,6.590628,,6.420947,,3.968649,,
1626,7.185462,,2.827701,,6.612784,,6.41321,,3.968649,,
1627,7.203319,,2.802166,,6.634941,,6.405472,,3.968649,,
1628,7.221176,,2.77663,,6.657097,,6.397735,,3.968649,,
1629,7.239033,,2.751095,,6.679254,,6.389997,,3.968649,,
1630,7.256891,,2.72556,,6.70141,,6.382259,,3.968649,,
1631,7.274748,,2.700025,,6.723567,,6.374522,,3.96865,,
1632,7.292605,,2.674489,,6.745723,,6.366785,,3.96865,,
1633,7.310462,,2.648954,,6.76788,,6.359047,,3.96865,,
1634,7.310462,,2.648954,,6.790036,,6.351309,,3.96865,,
1635,7.339703,,2.600405,,6.812193,,6.343572,,3.96865,,
1636,7.348978,,2.600405,,6.834349,,6.343572,,3.96865,,
1637,7.358253,,2.600405,,6.834349,,6.33419,,3.96865,,
1638,7.367528,,2.600405,,6.877576,,6.33419,,3.96865,,
1639,7.376804,,2.600405,,6.897452,,6.33419,,3.96865,,
1640,7.376804,,2.600405,,6.917328,,6.33419,,3.96865,,
1641,7.393512,,2.600405,,6.937204,,6.33419,,3.96865,,
1642,7.393512,,2.600405,,6.937204,,6.33419,,3.96865,,
1643,7.393512,,2.600405,,6.97578,,6.33419,,3.96865,,
1644,7.393512,,2.600405,,6.994332,,6.33419,,3.96865,,
1645,7.393512,,2.600405,,7.012883,,6.33419,,3.96865,,
1646,7.393512,,2.600405,,7.031435,,6.33419,,3.972181,,
1647,7.393512,,2.600405,,7.049985,,6.33419,,3.977978,,
1648,7.393512,,2.600405,,7.068537,,6.33419,,3.983776,,
1649,7.388389,,2.600405,,7.087088,,6.33419,,3.989573,,
1650,7.37293,,2.597793,,7.105639,,6.33419,,3.99537,,
1651,7.357471,,2.593929,,7.105639,,6.33419,,4.001167,,
1652,7.357471,,2.590064,,7.142812,,6.33419,,4.006964,,
1653,7.326553,,2.586199,,7.162689,,6.336239,,4.012761,,
1654,7.326553,,2.582334,,7.182566,,6.341393,,4.018559,,
1655,7.287301,,2.578469,,7.202443,,6.346545,,4.018559,,
1656,7.252515,,2.574604,,7.22232,,6.351698,,4.030384,,
1657,7.252515,,2.574604,,7.242196,,6.356852,,4.038114,,
1658,7.17357,,2.56375,,7.262073,,6.356852,,4.045844,,
1659,7.127195,,2.55602,,7.28195,,6.369208,,4.045844,,
1660,7.08082,,2.548291,,7.301826,,6.378484,,4.060405,,
1661,7.08082,,2.548291,,7.301826,,6.378484,,4.063304,,
1662,6.977923,,2.536891,,7.344478,,6.395927,,4.066203,,
1663,6.977923,,2.533798,,7.367668,,6.400143,,4.069101,,
1664,6.863608,,2.530707,,7.390857,,6.404359,,4.072001,,
1665,6.812075,,2.527615,,7.414047,,6.408575,,4.074899,,
1666,6.76054,,2.524523,,7.414047,,6.412791,,4.077798,,
1667,6.709007,,2.521431,,7.463004,,6.417007,,4.080697,,
1668,6.657473,,2.518339,,7.490284,,6.417007,,4.083595,,
1669,6.657473,,2.515248,,7.517565,,6.425443,,4.086494,,
1670,6.556222,,2.515248,,7.544847,,6.43008,,4.086494,,
1671,6.509845,,2.509317,,7.572127,,6.434719,,4.092426,,
1672,6.463467,,2.512408,,7.599408,,6.439356,,4.095518,,
1673,6.41709,,2.5155,,7.626689,,6.443994,,4.098609,,
1674,6.370712,,2.518592,,7.65397,,6.448632,,4.101701,,
1675,6.324335,,2.521684,,7.681251,,6.448632,,4.104793,,
1676,6.324335,,2.524776,,7.708532,,6.455812,,4.107884,,
1677,6.231577,,2.527868,,7.708532,,6.455812,,4.110976,,
1678,6.231577,,2.53096,,7.761859,,6.455812,,4.114068,,
1679,6.139826,,2.534051,,7.786594,,6.455812,,4.11716,,
1680,6.099247,,2.534051,,7.811329,,6.458215,,4.11716,,
1681,6.058667,,2.539595,,7.836064,,6.462852,,4.120676,,
1682,6.018087,,2.539595,,7.860798,,6.467491,,4.120676,,
1683,5.977508,,2.539595,,7.885533,,6.472128,,4.120676,,
1684,5.977508,,2.539595,,7.910268,,6.476766,,4.120676,,
1685,5.896348,,2.539595,,7.935003,,6.481404,,4.122487,,
1686,5.855768,,2.539595,,7.959738,,6.481404,,4.129112,,
1687,5.815188,,2.539595,,7.959738,,6.486217,,4.135738,,
1688,5.774608,,2.539595,,8.004429,,6.486217,,4.142364,,
1689,5.774608,,2.539595,,8.021821,,6.486217,,4.148989,,
1690,5.702174,,2.539595,,8.039213,,6.486217,,4.155614,,
1691,5.674347,,2.539595,,8.056605,,6.486217,,4.16224,,
1692,5.674347,,2.539595,,8.056605,,6.486217,,4.168865,,
1693,5.615865,,2.539595,,8.090605,,6.486217,,4.168865,,
1694,5.58108,,2.539595,,8.106065,,6.491189,,4.181486,,
1695,5.546295,,2.539595,,8.121524,,6.497816,,4.181486,,
1696,5.51151,,2.539595,,8.136983,,6.504441,,4.181486,,
1697,5.476725,,2.539595,,8.152443,,6.504441,,4.181486,,
1698,5.441939,,2.539595,,8.167902,,6.517199,,4.181486,,
1699,5.407154,,2.539595,,8.183361,,6.520767,,4.181486,,
1700,5.407154,,2.539595,,8.19882,,6.524334,,4.181486,,
1701,5.3355,,2.539595,,8.21428,,6.527902,,4.181486,,
1702,5.296852,,2.539595,,8.229739,,6.531469,,4.181486,,
1703,5.258204,,2.539595,,8.245198,,6.535037,,4.181486,,
1704,5.219555,,2.539595,,8.245198,,6.538604,,4.181486,,
1705,5.180907,,2.539595,,8.272373,,6.542171,,4.181486,,
1706,5.142259,,2.539595,,8.28165,,6.542171,,4.181486,,
1707,5.103611,,2.539595,,8.290925,,6.552414,,4.181486,,
1708,5.103611,,2.539595,,8.300201,,6.560846,,4.181486,,
1709,5.027354,,2.539595,,8.309477,,6.569279,,4.181486,,
1710,4.990253,,2.539595,,8.318752,,6.577712,,4.181486,,
1711,4.990253,,2.53929,,8.328029,,6.586144,,4.181486,,
1712,4.920703,,2.533106,,8.337304,,6.594577,,4.181486,,
1713,4.895405,,2.526922,,8.346581,,6.594577,,4.181486,,
1714,4.870108,,2.520738,,8.346581,,6.60784,,4.181486,,
1715,4.84481,,2.514555,,8.363088,,6.60784,,4.181486,,
1716,4.819512,,2.508371,,8.369713,,6.60784,,4.181486,,
1717,4.794215,,2.502187,,8.376338,,6.607264,,4.181486,,
1718,4.794215,,2.496003,,8.376338,,6.603398,,4.181486,,
1719,4.745982,,2.489819,,8.388379,,6.599534,,4.185804,,
1720,4.733615,,2.489819,,8.388379,,6.595669,,4.190958,,
1721,4.721248,,2.47823,,8.388379,,6.591804,,4.196111,,
1722,4.70888,,2.475653,,8.388379,,6.587939,,4.201264,,
1723,4.696513,,2.473076,,8.388379,,6.584074,,4.206418,,
1724,4.684146,,2.470499,,8.388379,,6.584074,,4.211571,,
1725,4.671779,,2.467922,,8.388379,,6.575254,,4.216725,,
1726,4.659411,,2.465346,,8.388379,,6.567525,,4.221878,,
1727,4.647044,,2.462769,,8.388379,,6.559795,,4.227032,,
1728,4.647044,,2.460192,,8.388379,,6.552066,,4.232185,,
1729,4.624312,,2.457615,,8.388379,,6.544336,,4.232185,,
1730,4.617687,,2.455038,,8.388379,,6.536606,,4.242492,,
1731,4.611062,,2.452461,,8.388379,,6.528877,,4.247644,,
1732,4.604437,,2.452461,,8.388379,,6.528877,,4.252797,,
1733,4.604437,,2.448376,,8.388379,,6.511128,,4.257949,,
1734,4.593703,,2.448376,,8.388379,,6.497877,,4.263102,,
1735,4.59039,,2.448376,,8.388379,,6.484625,,4.263102,,
1736,4.587077,,2.448376,,8.388379,,6.471374,,4.274395,,
1737,4.583764,,2.448376,,8.388379,,6.471374,,4.286763,,
1738,4.580451,,2.447912,,8.388379,,6.44943,,4.29913,,
1739,4.577138,,2.445184,,8.388379,,6.4417,,4.311498,,
1740,4.573825,,2.442456,,8.388379,,6.43397,,4.323866,,
1741,4.570513,,2.439728,,8.384751,,6.426241,,4.336234,,
1742,4.570513,,2.437,,8.378126,,6.418511,,4.348602,,
1743,4.565813,,2.434272,,8.371501,,6.410782,,4.36097,,
1744,4.565813,,2.431544,,8.364876,,6.403052,,4.373338,,
1745,4.565813,,2.428816,,8.364876,,6.403052,,4.373338,,
1746,4.565813,,2.426088,,8.352419,,6.392223,,4.39823,,
1747,4.565813,,2.42336,,8.346622,,6.389325,,4.411112,,
1748,4.565813,,2.42336,,8.340824,,6.386426,,4.423995,,
1749,4.565813,,2.417973,,8.335027,,6.383527,,4.436878,,
1750,4.565813,,2.417973,,8.329229,,6.380629,,4.44976,,
1751,4.565813,,2.417973,,8.323431,,6.377729,,4.462643,,
1752,4.565813,,2.417973,,8.317634,,6.374831,,4.475526,,
1753,4.565813,,2.417973,,8.311836,,6.371932,,4.488409,,
1754,4.56834,,2.417973,,8.306039,,6.369033,,4.501291,,
1755,4.574138,,2.417973,,8.306039,,6.369033,,4.514174,,
1756,4.579935,,2.417973,,8.292502,,6.361696,,4.527057,,
1757,4.585733,,2.417973,,8.282564,,6.355512,,4.527057,,
1758,4.585733,,2.417973,,8.272626,,6.349328,,4.552175,,
1759,4.59681,,2.417973,,8.262688,,6.343144,,4.563769,,
1760,4.599902,,2.417973,,8.252749,,6.336961,,4.575363,,
1761,4.602994,,2.416817,,8.242811,,6.330777,,4.586957,,
1762,4.606085,,2.411664,,8.232873,,6.324594,,4.586957,,
1763,4.609177,,2.406511,,8.222935,,6.31841,,4.609719,,
1764,4.612269,,2.401357,,8.222935,,6.312226,,4.619658,,
1765,4.615361,,2.396204,,8.2037,,6.312226,,4.629597,,
1766,4.618452,,2.396204,,8.195971,,6.293968,,4.639535,,
1767,4.621544,,2.386628,,8.188241,,6.278509,,4.649474,,
1768,4.621544,,2.383729,,8.188241,,6.263049,,4.659412,,
1769,4.628832,,2.380831,,8.171402,,6.263049,,4.669351,,
1770,4.635015,,2.377932,,8.159807,,6.236467,,4.67929,,
1771,4.641199,,2.375034,,8.148212,,6.227192,,4.67929,,
1772,4.647383,,2.372136,,8.136618,,6.217916,,4.698609,,
1773,4.653566,,2.369237,,8.125024,,6.208641,,4.701508,,
1774,4.65975,,2.366339,,8.113429,,6.199365,,4.704406,,
1775,4.665934,,2.36344,,8.101834,,6.19009,,4.707304,,
1776,4.672117,,2.360542,,8.101834,,6.180814,,4.710203,,
1777,4.678301,,2.360542,,8.077833,,6.171539,,4.713101,,
1778,4.678301,,2.355127,,8.064583,,6.162263,,4.716,,
1779,4.690466,,2.352685,,8.051332,,6.162263,,4.718898,,
1780,4.696263,,2.350245,,8.038081,,6.142818,,4.721797,,
1781,4.702061,,2.347804,,8.02483,,6.132512,,4.724695,,
1782,4.707858,,2.345362,,8.011579,,6.122206,,4.724695,,
1783,4.707858,,2.342921,,7.998328,,6.111899,,4.731821,,
1784,4.721067,,2.34048,,7.985077,,6.101593,,4.736974,,
1785,4.732662,,2.338039,,7.985077,,6.101593,,4.742128,,
1786,4.744256,,2.335598,,7.957887,,6.082538,,4.747281,,
1787,4.755851,,2.333157,,7.942429,,6.073842,,4.752435,,
1788,4.767445,,2.330716,,7.926971,,6.065146,,4.752435,,
1789,4.77904,,2.330716,,7.926971,,6.05645,,4.763185,,
1790,4.790634,,2.326756,,7.894886,,6.047755,,4.768982,,
1791,4.790634,,2.326756,,7.876334,,6.039059,,4.774779,,
1792,4.828128,,2.326756,,7.857781,,6.030363,,4.780577,,
1793,4.874506,,2.326756,,7.83923,,6.021667,,4.786374,,
1794,4.920884,,2.326756,,7.820677,,6.012971,,4.792171,,
1795,4.967262,,2.325598,,7.802125,,6.012971,,4.797968,,
1796,5.01364,,2.316903,,7.802125,,6.012971,,4.803765,,
1797,5.01364,,2.308208,,7.774406,,6.012971,,4.809562,,
1798,5.130094,,2.299512,,7.767271,,6.012971,,4.809562,,
1799,5.222857,,2.290817,,7.760136,,6.012971,,4.809562,,
1800,5.222857,,2.282121,,7.753,,6.012971,,4.809562,,
1801,5.490798,,2.273426,,7.745865,,6.012971,,4.809562,,
1802,5.676298,,2.26473,,7.73873,,6.012971,,4.809562,,
1803,5.676298,,2.256035,,7.731595,,6.012971,,4.809562,,
1804,5.676298,,2.247339,,7.731595,,6.012971,,4.809562,,
1805,5.676298,,2.247339,,7.731595,,6.012971,,4.809562,,
